"Year","Month","Detections","Inadequately documented air arrivals","Recorded detections at UK ports","Recorded detections in the UK","SBArrivals","VaC_Afg","VaC_Alb","VaC_Alg","VaC_Bah","VaC_Dji","VaC_Egp","VaC_Eri","VaC_Eth","Vac_Geo","VaC_Ind","VaC_Iran","VaC_Iraq","VaC_Isr","VaC_Jor","VaC_Leb","VaC_Lib","VaC_Mor","VaC_Pak","VaC_Sri","VaC_Sud","VaC_Syr","VaC_Tun","VaC_Turk","VaC_Viet","VaC_Yem","Pro_Afg","Pro_Alb","Pro_Alg","Pro_Bah","Pro_Dji","Pro_Egp","Pro_Eri","Pro_Eth","Pro_Geo","Pro_Ind","Pro_Iran","Pro_Iraq","Pro_Isr","Pro_Jor","Pro_Kuw","Pro_Leb","Pro_Lib","Pro_Mor","Pro_Pak","Pro_Sri","Pro_Sud","Pro_Syr","Pro_Tun","Pro_Turk","Pro_Viet","Pro_Yem","SD_Afg","SD_Alb","SD_Alg","SD_Bah","SD_Dji","SD_Egp","SD_Eri","SD_Eth","SD_Geo","SD_Ind","SD_Iran","SD_Iraq","SD_Isr","SD_Jor","SD_Kuw","SD_Leb","SD_Lib","SD_Mor","SD_Pak","SD_Sri","SD_Sud","SD_Syr","SD_Tun","SD_Turk","SD_Viet","SD_Yem","Expl_Afg","Expl_Alb","Expl_Alg","Expl_Bah","Expl_Egp","Expl_Eri","Expl_Eth","Expl_Geo","Expl_Ind","Expl_Iran","Expl_Iraq","Expl_Isr","Expl_Jor","Expl_Leb","Expl_Lib","Expl_Mor","Expl_Pak","Expl_Sri","Expl_Sud","Expl_Syr","Expl_Tun","Expl_Turk","Expl_Viet","Expl_Yem","Batt_Afg","Batt_Alb","Batt_Alg","Batt_Bah","Batt_Dji","Batt_Egp","Batt_Eri","Batt_Eth","Batt_Geo","Batt_Ind","Batt_Iran","Batt_Iraq","Batt_Isr","Batt_Jor","Batt_Leb","Batt_Lib","Batt_Mor","Batt_Pak","Batt_Sri","Batt_Sud","Batt_Syr","Batt_Tun","Batt_Turk","Batt_Viet","Batt_Yem","Riot_Afg","Riot_Alb","Riot_Alg","Riot_Bah","Riot_Dji","Riot_Egp","Riot_Eri","Riot_Eth","Riot_Geo","Riot_Ind","Riot_Iran","Riot_Iraq","Riot_Isr","Riot_Jor","Riot_Kuw","Riot_Leb","Riot_Lib","Riot_Mor","Riot_Pak","Riot_Sri","Riot_Sud","Riot_Syr","Riot_Tun","Riot_Turk","Riot_Viet","Riot_Yem","Nat_Afg","Nat_Alb","Nat_Alg","Nat_Dji","Nat_Egp","Nat_Eri","Nat_Eth","Nat_Geo","Nat_Ind","Nat_Iran","Nat_Iraq","Nat_Isr","Nat_Jor","Nat_Kuw","Nat_Leb","Nat_Lib","Nat_Mor","Nat_Pak","Nat_Pal","Nat_SoSud","Nat_Sri","Nat_Sud","Nat_Syr","Nat_Tun","Nat_Turk","Nat_Viet","Nat_Yem","Tech_Afg","Tech_Alg","Tech_Dji","Tech_Egp","Tech_Eth","Tech_Geo","Tech_Ind","Tech_Iran","Tech_Iraq","Tech_Isr","Tech_Jor","Tech_Kuw","Tech_Leb","Tech_Lib","Tech_Mor","Tech_Pak","Tech_Pal","Tech_SoSud","Tech_Sri","Tech_Sud","Tech_Syr","Tech_Tun","Tech_Turk","Tech_Viet","Tech_Yem","Dis_Afg","Dis_Alb","Dis_Alg","Dis_Dji","Dis_Egp","Dis_Eri","Dis_Eth","Dis_Geo","Dis_Ind","Dis_Iran","Dis_Iraq","Dis_Isr","Dis_Jor","Dis_Kuw","Dis_Leb","Dis_Lib","Dis_Mor","Dis_Pak","Dis_Pal","Dis_SoSud","Dis_Sri","Dis_Sud","Dis_Syr","Dis_Tun","Dis_Turk","Dis_Viet","Dis_Yem","one_GBP_equivalent_to_x_AFN","one_GBP_equivalent_to_x_ALL","one_GBP_equivalent_to_x_DZD","one_GBP_equivalent_to_x_EGP","one_GBP_equivalent_to_x_ERN","one_GBP_equivalent_to_x_ETB","one_GBP_equivalent_to_x_GEL","one_GBP_equivalent_to_x_INR","one_GBP_equivalent_to_x_IRR","one_GBP_equivalent_to_x_IQD","one_GBP_equivalent_to_x_KWD","one_GBP_equivalent_to_x_LYD","one_GBP_equivalent_to_x_PKR","one_GBP_equivalent_to_x_LKR","one_GBP_equivalent_to_x_SDG","one_GBP_equivalent_to_x_SYP","one_GBP_equivalent_to_x_TRY","one_GBP_equivalent_to_x_VND","one_GBP_equivalent_to_x_YER","one_GBP_equivalent_to_x_EUR","one_GBP_equivalent_to_x_BHD","one_GBP_equivalent_to_x_DJF","one_GBP_equivalent_to_x_ILS","one_GBP_equivalent_to_x_JOD","one_GBP_equivalent_to_x_LBP","one_GBP_equivalent_to_x_MAD","one_GBP_equivalent_to_x_TND","mean_temp","mean_precip","mean_wspeed","PALLFNF","PNFUEL","PNRG","PAGRI","PMETA","PFERT","C8EV_International.travel.controls","g_covid","Frontex_Detections","PR_Afg","PR_Alb","PR_Alg","PR_Bah","PR_Dji","PR_Egp","PR_Eri","PR_Eth","PR_Geo","PR_Ind","PR_Iran","PR_Iraq","PR_Isr","PR_Jor","PR_Kuw","PR_Leb","PR_Lib","PR_Mor","PR_Pak","PR_Sri","PR_Sud","PR_Syr","PR_Tun","PR_Turk","PR_Viet","PR_Yem","CL_Afg","CL_Alb","CL_Alg","CL_Bah","CL_Dji","CL_Egp","CL_Eri","CL_Eth","CL_Geo","CL_Ind","CL_Iran","CL_Iraq","CL_Isr","CL_Jor","CL_Kuw","CL_Leb","CL_Lib","CL_Mor","CL_Pak","CL_Sri","CL_Sud","CL_Syr","CL_Tun","CL_Turk","CL_Viet","CL_Yem","visa_AF","visa_AL","visa_IR","visa_IQ","visa_SY","job_AF","job_AL","job_IR","job_IQ","job_SY","england_AF","england_AL","england_IR","england_IQ","england_SY","Unemployment rate (aged 16 and over, seasonally adjusted): %","ID","Dublin"
"2017","01",783,357,38,388,0,30,0,0,2,1,2,0,11,0,46,1,18,2,0,6,6,0,16,2,36,130,1,15,2,7,17,0,28,302,0,9,0,1,0,1073,197,6,39,2,0,28,5,4,315,38,17,35,39,15,0,11,46,0,2,0,0,3,1,2,0,10,4,23,1,0,0,7,7,0,5,0,6,29,0,12,0,7,266,0,1,0,3,0,4,0,25,2,260,1,1,7,29,0,14,0,1,2086,4,7,0,635,547,0,5,4,0,19,0,6,0,57,0,175,0,1,4,23,0,27,0,10,753,3,31,0,169,1,0,17,155,0,1,0,1,0,131,3,0,7,0,0,5,1,1,20,0,0,0,30,2,0,1,1,1,1,0,0,0,0,0,1,0,0,0,0,0,0,0,1,1,0,0,1,0,0,0,0,0,0,0,0,0,0,0,0,3,1,0,0,0,0,0,1,1,0,0,0,0,0,0,0,0,0,0,1,1,1,0,0,0,0,0,4,1,0,0,0,0,0,1,2,1,0,0,1,0,0,0,0,0,0,81.232227516129,155.476583129032,135.100523516129,22.9549205483871,1.23493787096774,27.5237999677419,1.23493787096774,83.9148850645161,39969.8065760645,1422.84494012903,0.376018870967742,1.73250464516129,127.696262580645,180.987856580645,7.88404180645161,186.048009290323,4.612744,27430.6438291935,308.291392322581,1.16224932258065,0.461613322580645,214.736326258065,4.71155564516129,0.865876064516129,1753.42642512903,12.085225,2.83825267741936,3.42903225806452,1.53812903225806,25.1354838709677,115.704869800857,107.324612802848,127.826696489188,106.796646321767,121.368344497015,100.446911208176,0,0,9255,6,3,6,7,6,6,7,7,3,2,6,5,1,5,5,5,7,5,4,3,7,7,1,4,7,7,6,3,5,6,5,5,7,6,3,3,6,6,2,5,5,4,6,4,5,4,7,7,3,5,5,6,20,24,82,57,12,55,21,28,16,29,9,12,19,15,7,"4.5999999999999996",1,1
"2017","02",805,281,51,473,0,23,0,1,1,0,11,0,5,0,59,1,17,2,0,3,11,0,12,2,29,90,1,13,1,6,16,0,29,288,0,5,0,1,0,775,189,1,17,13,0,43,4,3,406,38,15,12,35,21,2,8,28,0,1,0,0,3,0,1,0,11,8,16,1,0,0,6,6,0,6,0,6,34,1,7,0,16,212,0,3,5,13,0,1,0,13,0,207,4,0,1,20,0,33,0,1,1851,1,11,0,491,455,0,6,0,0,11,0,15,0,49,2,92,0,0,9,26,0,51,0,18,687,2,16,0,114,1,0,2,130,0,2,0,1,0,235,1,1,13,1,0,13,1,2,16,0,4,1,2,1,2,2,3,0,0,0,0,0,0,0,0,0,0,0,0,0,0,0,1,1,0,0,0,0,0,0,0,0,0,0,0,0,0,0,0,0,0,0,0,0,0,0,0,0,0,0,0,1,0,0,0,0,0,0,3,0,0,0,0,0,0,0,0,0,0,0,0,0,0,0,1,1,0,0,1,0,0,0,0,0,0,82.21412825,156.238603857143,136.677430571429,21.2977863214286,1.25025528571429,28.01884125,1.25025528571429,83.5701519285714,40486.7449725714,1442.83842160714,0.379550785714286,1.74783075,129.831270892857,184.674116678571,7.97069692857143,1.25025528571429,4.58434185714286,27931.5119256786,311.9250125,1.17332542857143,0.467476071428571,218.410977928571,4.65583257142857,0.8763435,1851.58644232143,12.2180008571429,2.851164,6.38571428571429,1.33525,29.0714285714286,116.331460765317,109.911612290388,125.617606834217,107.252366835679,128.723245227462,107.655271301784,0,0,13722,6,3,6,7,6,6,7,7,3,2,6,5,1,5,5,5,7,5,4,3,7,7,1,4,7,7,6,3,5,6,5,5,7,6,3,3,6,6,2,5,5,4,6,4,5,4,7,7,3,5,5,6,21,28,83,54,14,56,27,27,13,30,11,13,20,14,8,"4.5999999999999996",2,1
"2017","03",982,271,43,668,0,19,0,1,0,1,4,0,7,0,56,1,27,2,0,5,21,0,16,0,26,119,2,17,0,7,4,0,9,192,0,19,0,5,0,908,125,2,18,2,0,50,6,6,261,22,35,6,40,33,5,10,7,0,0,0,0,1,0,1,0,9,3,33,0,1,0,9,14,0,9,0,9,21,0,26,0,16,364,0,1,0,13,0,1,0,22,0,290,3,1,5,40,0,23,0,2,1839,2,12,0,592,767,0,6,1,0,12,0,18,0,42,3,213,1,0,11,31,0,47,0,8,604,3,53,0,131,0,0,2,74,0,8,0,0,0,182,3,0,10,0,0,12,2,2,17,2,3,2,23,8,0,0,0,0,0,0,0,0,0,0,1,0,0,0,0,0,0,0,0,0,0,0,0,0,0,0,0,0,0,0,0,0,0,0,0,0,0,0,0,0,0,0,0,0,0,0,0,0,0,0,0,1,0,0,0,0,0,0,0,0,0,0,1,0,0,0,0,0,0,0,0,0,0,0,0,0,0,0,1,0,0,81.094195516129,153.398453709677,134.875833806452,21.6611439677419,1.23371838709677,27.7358891935484,1.23371838709677,81.1537799032258,39989.826599129,1413.72965025806,0.375292258064516,1.72440793548387,127.851976354839,182.989832064516,8.04746109677419,1.23371838709677,4.53637064516129,27637.2995488065,307.62343583871,1.1550854516129,0.460628064516129,215.458578322581,4.50355287096774,0.864619419354839,1815.07566293548,12.0418598064516,2.81023251612903,8.97741935483871,0.590354838709677,30.1096774193548,110.842228738389,107.433716767711,115.772553832653,103.765089231734,127.21434467125,105.73952440177,0,0,15898,6,3,6,7,6,6,7,7,3,2,6,5,1,5,5,5,7,5,4,3,7,7,1,4,7,7,6,3,5,6,5,5,7,6,3,3,6,6,2,5,5,4,6,4,5,4,7,7,3,5,5,6,22,29,100,54,15,51,25,32,14,33,6,11,20,13,15,"4.5",3,1
"2017","04",737,277,86,374,0,8,0,2,0,0,8,0,4,0,59,3,35,1,0,3,4,0,5,0,25,87,0,1,1,10,5,0,11,138,0,4,0,1,0,815,124,0,11,5,0,44,5,3,220,18,11,24,70,63,9,13,6,0,0,1,0,4,0,1,0,6,10,20,1,0,0,6,4,1,3,1,3,26,0,18,0,14,296,0,2,1,26,0,5,0,12,0,257,1,2,7,45,0,16,0,8,2206,3,21,0,561,750,0,3,0,0,25,0,19,0,47,2,142,0,0,14,13,0,26,0,13,593,1,63,1,108,1,0,2,98,0,3,0,0,0,250,1,0,1,1,0,7,1,1,15,2,5,0,38,1,0,5,0,0,0,0,0,0,0,0,1,1,0,0,0,0,0,0,0,1,0,0,0,0,0,0,0,0,1,0,0,0,0,0,0,3,0,0,0,0,0,0,0,0,0,0,0,1,0,0,0,1,0,1,0,0,0,0,0,0,0,0,4,1,0,0,0,0,0,0,0,1,0,0,1,0,0,0,1,0,2,83.9494518666667,156.753211766667,138.0996187,22.8085090333333,1.26268593333333,28.4976788,1.26268593333333,81.3691081666667,39611.0672399,1439.28780926667,0.382655233333333,1.75660763333333,131.140143166667,187.949026166667,8.3772416,1.26268593333333,4.60813913333333,28213.8296469667,315.6135776,1.17886883333333,0.472150866666667,219.381028133333,4.60255746666667,0.8864263,1867.76512313333,12.3038854666667,2.94938776666667,9.13,0.220133333333333,22.83,111.112790999156,105.504002705295,119.225759330065,103.112753662955,116.892171289011,101.895481004909,0,0,16964,6,3,6,7,6,6,7,7,3,2,6,5,1,5,5,5,7,5,4,3,7,7,1,4,7,7,6,3,5,6,5,5,7,6,3,3,6,6,2,5,5,4,6,4,5,4,7,7,3,5,5,6,21,67,96,58,13,50,28,30,16,32,9,11,18,10,5,"4.4000000000000004",4,1
"2017","05",919,277,53,589,0,18,0,2,1,0,9,1,4,0,47,3,30,2,1,6,7,1,14,3,29,117,0,2,3,11,2,0,24,232,0,7,0,0,0,611,183,3,15,6,1,29,3,30,344,12,10,4,63,36,0,18,17,0,0,6,0,2,0,1,0,12,10,26,2,1,0,14,5,1,2,1,7,52,1,2,0,10,337,0,1,0,16,0,0,0,24,0,215,2,3,0,39,0,22,1,3,1417,2,15,0,457,860,0,7,0,0,19,0,8,0,74,2,197,1,1,11,23,0,38,0,23,575,3,83,0,136,0,0,22,60,0,1,0,0,0,200,7,1,5,0,0,5,1,4,24,3,1,0,21,1,0,2,0,0,0,0,0,0,0,0,2,1,0,0,0,0,0,0,0,0,0,0,1,0,0,0,0,0,0,1,0,0,0,0,0,1,1,0,0,0,0,0,1,0,0,0,0,0,0,0,0,1,0,0,1,0,0,0,0,0,0,0,3,2,0,0,0,0,0,1,0,0,0,0,1,0,0,0,1,0,0,86.6677143225807,154.633631064516,140.24943916129,23.3527327741935,1.29238796774194,29.3931972903226,1.29238796774194,83.1728679677419,40589.5284947419,1473.61963548387,0.39142264516129,1.78168119354839,133.795866064516,193.055046774194,8.56858193548387,1.29238796774194,4.61417122580645,28882.0907521613,322.794594225806,1.17059683870968,0.483334225806452,225.131134387097,4.64028435483871,0.90754135483871,1916.34568183871,12.3722109032258,3.13363677419355,13.2129032258065,1.79170967741935,26.258064516129,108.927676016284,105.101432215407,114.46223948284,104.946091972449,111.665433008529,99.1876051847201,0,0,27871,6,3,6,7,6,6,7,7,3,2,6,5,1,5,5,5,7,5,4,3,7,7,1,4,7,7,6,3,5,6,5,5,7,6,3,3,6,6,2,5,5,4,6,4,5,4,7,7,3,5,5,6,20,32,80,67,10,49,25,29,17,24,13,12,19,17,13,"4.4000000000000004",5,1
"2017","06",842,230,82,530,0,21,0,1,0,0,5,0,3,0,37,2,15,1,0,5,6,0,6,0,36,112,3,2,3,8,4,0,13,156,1,8,0,0,0,833,175,0,12,0,0,13,7,23,235,19,3,14,29,23,4,4,8,0,0,1,0,5,1,3,0,1,9,7,1,1,0,3,3,2,1,0,9,36,4,0,1,13,291,0,4,2,7,0,0,0,18,0,219,2,0,9,30,0,10,0,3,1487,5,17,0,421,582,0,1,0,0,9,0,12,0,100,7,129,0,0,6,25,0,23,0,17,623,5,73,0,133,2,0,6,72,0,7,0,0,0,185,7,1,9,0,0,2,0,8,4,3,2,2,15,1,0,3,0,0,0,0,0,0,0,0,4,0,0,0,0,0,0,0,0,2,0,0,0,1,0,0,0,1,0,0,0,0,0,0,0,2,0,0,0,0,0,0,3,1,2,0,0,0,0,0,0,0,0,0,0,0,0,0,0,0,0,0,6,0,0,0,0,0,0,3,1,4,0,0,0,1,0,0,0,1,0,86.0202326666667,149.091361466667,138.043049733333,23.1258762333333,1.2789282,29.2244260666667,1.2789282,82.3362157,16670.6922546,1459.26194816667,0.3864478,1.75243646666667,132.696687466667,191.5338394,8.48095203333333,1.2789282,4.5026174,28586.6671181667,319.3805663,1.14044523333333,0.4785122,223.445674233333,4.51244173333333,0.898658233333333,1891.87497526667,12.1314887333333,3.12902283333333,16.8933333333333,0.621433333333333,24.4133333333333,105.675238726499,104.132782108445,107.906362641047,103.758466385259,109.860045332343,92.5474909094113,0,0,30198,6,3,6,7,6,6,7,7,3,2,6,5,1,5,5,5,7,5,4,3,7,7,1,4,7,7,6,3,5,6,5,5,7,6,3,3,6,6,2,5,5,4,6,4,5,4,7,7,3,5,5,6,21,34,90,62,13,64,21,35,17,35,9,9,19,8,13,"4.2999999999999998",6,1
"2017","07",1080,351,75,654,0,29,0,1,0,0,2,0,4,0,46,0,17,1,0,3,11,1,9,0,22,142,1,11,4,18,15,0,28,85,0,9,0,10,0,747,205,1,11,15,2,17,8,6,255,34,15,43,32,38,1,9,23,0,0,0,0,2,0,4,0,12,7,7,2,0,0,9,6,1,0,0,7,22,3,2,0,4,394,0,0,1,10,0,2,0,11,0,237,1,2,16,33,0,18,0,2,1530,1,23,0,475,862,0,4,0,0,48,0,14,0,71,4,119,0,1,23,25,1,36,1,14,572,2,64,0,156,0,0,6,101,0,3,1,3,0,142,9,0,6,0,0,1,2,1,7,2,4,1,17,1,7,0,1,0,0,0,0,0,0,0,3,0,0,0,0,0,0,0,0,0,0,0,0,0,0,1,2,2,0,0,0,0,0,0,0,3,0,0,0,0,0,0,0,0,0,0,0,0,0,0,0,0,0,0,1,0,0,0,0,0,0,0,6,0,0,0,0,0,0,0,0,0,0,0,0,0,0,1,2,2,0,84.6875325806452,142.075001419355,136.126170870968,22.5624291612903,1.29958583870968,28.9317330322581,1.29958583870968,83.6507535483871,36895.7872055161,1431.96334864516,0.421151774193548,1.74848538709677,130.839378096774,188.940602096774,8.36226006451613,118.629716709677,4.62476861290323,28084.9946951613,314.19652216129,1.12859351612903,0.512423129032258,219.453497774194,4.59847135483871,0.925345967741935,1850.89103022581,11.7714423548387,3.10683125806452,17.4741935483871,2.22870967741936,26.9516129032258,108.228429724116,106.124254802043,111.27206475027,105.713010950255,117.186914737698,88.4029105532219,0,0,18574,6,3,6,7,6,6,7,7,3,2,6,5,1,5,5,5,7,5,4,3,7,7,1,4,7,7,6,3,5,6,5,5,7,6,3,3,6,6,2,5,5,4,6,4,5,4,7,7,3,5,5,6,21,38,90,64,14,51,28,34,14,24,9,13,19,10,8,"4.2999999999999998",7,1
"2017","08",914,302,51,561,0,17,0,1,0,0,0,0,7,0,28,3,42,1,0,4,20,0,8,0,22,113,1,4,0,14,11,0,28,63,0,8,0,17,0,722,125,4,14,1,0,11,11,11,251,48,4,19,17,17,2,4,24,0,0,0,0,0,0,1,0,3,2,5,2,0,0,9,9,0,1,0,6,41,3,4,0,21,405,0,2,1,3,0,3,0,19,0,282,1,1,12,21,0,17,0,1,1783,3,18,0,431,930,0,2,0,0,21,0,13,0,59,3,141,0,0,21,14,0,30,0,5,500,1,62,0,204,0,0,1,84,0,1,0,6,0,157,2,0,5,4,0,2,5,4,11,2,1,0,7,1,0,2,0,0,0,0,0,0,0,0,4,1,0,0,0,0,0,0,0,1,0,0,0,0,0,0,0,2,1,0,0,0,2,0,0,3,0,1,0,0,0,0,0,0,0,0,0,0,0,0,0,0,0,0,0,0,0,0,2,0,0,0,7,1,1,0,0,0,0,0,0,1,0,0,0,0,0,0,0,2,1,87.6096752903226,142.694452774194,141.415642709677,22.9935813548387,1.29657887096774,29.948978,1.29657887096774,82.7550943870968,42366.1646912258,1478.20748003226,0.390234516129032,1.73890896774194,134.668581677419,194.473353483871,8.58762525806452,666.108261580645,4.55568725806452,28984.2706475806,323.820678064516,1.09778293548387,0.485516709677419,226.590410967742,4.66073977419355,0.909993548387097,1907.55672290323,11.8985067096774,3.125999,16.8387096774194,2.8421935483871,23.5225806451613,111.044240889913,106.4953559747,117.624086183498,101.855699087393,127.01562782119,88.1435846523523,0,0,13532,6,3,6,7,6,6,7,7,3,2,6,5,1,5,5,5,7,5,4,3,7,7,1,4,7,7,6,3,5,6,5,5,7,6,3,3,6,6,2,5,5,4,6,4,5,4,7,7,3,5,5,6,22,41,91,67,14,47,37,32,16,35,11,10,19,14,11,"4.2999999999999998",8,1
"2017","09",1043,363,93,587,0,36,0,1,0,0,3,0,15,0,32,2,21,0,0,2,22,0,8,0,22,108,5,5,1,9,3,0,41,51,0,5,0,11,0,677,142,2,9,1,0,16,20,8,325,17,7,12,39,26,2,4,42,0,1,0,0,2,0,1,0,4,2,6,1,0,0,3,19,0,1,0,3,68,2,19,0,6,286,0,1,0,12,0,2,0,13,0,250,0,0,5,25,0,17,0,0,1878,1,17,0,405,615,0,3,1,0,13,0,15,0,94,0,89,0,0,3,31,2,25,0,9,560,2,64,0,198,0,0,4,46,0,0,0,1,0,79,0,0,5,0,0,0,2,2,1,0,2,1,8,0,0,0,0,0,0,0,0,0,0,0,0,0,0,0,0,0,0,0,0,0,0,0,0,1,0,0,0,1,0,0,1,0,0,0,0,2,1,0,0,0,0,0,1,0,0,0,0,0,0,0,0,1,0,0,0,0,1,0,0,0,0,0,2,1,0,0,0,0,0,1,0,0,0,0,0,1,0,0,1,1,0,89.9070187333333,146.201978866667,147.7422347,23.4212854,1.32910523333333,30.8920035,1.32910523333333,85.4588245,44071.5085870667,1518.0104099,0.399450433333333,1.77353376666667,138.6179948,199.168238766667,8.81627996666667,683.1557615,4.60928933333333,29755.9624845,331.9580265,1.11528176666667,0.4978444,232.5783156,4.69046356666667,0.933290666666667,1959.23286606667,12.1027247333333,3.2416517,14.51,2.04,25.99,114.09346486128,106.15758191142,125.572515892763,100.693688970191,126.102736346403,88.5890194593218,0,0,17299,6,3,6,7,6,6,7,7,3,2,6,5,1,5,5,5,7,5,4,3,7,7,1,4,7,7,6,3,5,6,5,5,7,6,3,3,6,6,2,5,5,4,6,4,5,4,7,7,3,5,5,6,19,48,87,86,12,55,30,28,20,27,7,15,20,17,10,"4.2000000000000002",9,1
"2017","10",1146,343,112,691,0,24,0,3,0,0,6,0,12,0,83,3,24,1,0,2,9,0,6,0,33,94,1,16,0,14,11,0,38,83,1,8,0,45,0,603,210,2,13,0,0,32,25,15,325,19,6,13,28,66,0,6,22,0,0,1,0,2,0,1,0,11,5,83,0,0,0,1,6,0,6,3,6,62,1,35,0,8,362,0,0,2,9,0,0,0,13,0,243,1,0,3,19,0,21,0,2,1477,2,25,0,490,852,0,5,0,0,19,0,5,0,57,3,133,0,0,5,33,1,27,0,18,643,3,41,0,180,0,0,7,41,1,1,2,16,0,139,6,5,5,0,0,3,4,2,4,1,0,2,15,0,0,1,0,0,0,0,0,0,0,0,1,0,0,0,0,0,0,0,0,0,0,0,0,0,0,0,0,1,1,0,0,0,0,0,0,1,0,0,0,0,0,0,0,0,0,0,0,0,0,0,1,0,0,0,0,0,0,0,0,0,0,0,2,0,0,0,0,0,0,0,0,0,0,0,0,0,0,1,0,1,1,89.2475530322581,147.313797193548,149.916716806452,23.272194483871,1.32046503225806,33.6650502258065,1.32046503225806,85.8237144193548,44487.0262190323,1509.96625180645,0.397878161290323,1.77613016129032,137.594179967742,199.064611258065,8.77276338709677,678.719162774194,4.84783261290323,29597.4085010968,329.864922419355,1.12272467741935,0.494807741935484,230.576506806452,4.6297235483871,0.927327483870968,1953.59997645161,12.1248752580645,3.27688061290323,13.4806451612903,0.798774193548387,30.4935483870968,115.562701096136,105.633463622569,129.925088291476,101.014806648411,124.233508544816,94.0989711738551,0,0,16963,6,3,6,7,6,6,7,7,3,2,6,5,1,5,5,5,7,5,4,3,7,7,1,4,7,7,6,3,5,6,5,5,7,6,3,3,6,6,2,5,5,4,6,4,5,4,7,7,3,5,5,6,19,50,83,69,14,54,37,32,21,29,9,12,19,17,14,"4.2999999999999998",10,1
"2017","11",1070,331,55,684,0,16,0,4,0,0,4,0,18,0,38,0,17,0,0,3,20,0,3,1,17,75,0,1,0,15,16,0,23,76,0,6,1,20,0,659,259,3,11,6,0,9,12,8,420,45,5,7,24,58,2,10,28,0,0,1,0,3,0,2,0,3,3,73,0,0,0,2,10,0,6,0,7,45,2,20,0,10,405,0,0,1,9,0,1,0,15,0,190,2,0,4,28,0,16,0,2,1520,3,11,0,421,714,0,2,0,0,16,0,11,0,44,1,80,1,0,4,30,0,28,0,11,490,4,44,0,139,0,0,8,60,0,4,0,3,0,73,5,0,5,0,0,0,0,3,8,2,2,2,15,1,0,0,0,1,0,0,0,0,0,0,0,1,1,0,0,0,0,0,0,0,0,0,2,0,0,0,0,2,0,0,0,0,0,0,1,2,0,0,0,0,0,0,1,1,0,0,0,0,0,0,0,0,0,0,0,1,0,0,0,0,0,1,2,1,1,0,0,0,0,1,1,0,0,0,2,0,0,0,0,2,0,86.6296560333333,142.637524733333,146.315348066667,22.5728595333333,1.320976,34.5730563666667,1.320976,85.5130193666667,39240.6816273667,1456.73128173333,0.428447433333333,1.7571975,132.839037666667,192.297307766667,8.50975903333333,588.6921903,5.12157863333333,28552.1926177333,275.2810274,1.12594476666667,0.522672666666667,220.9398494,4.6403727,0.9406622,1894.34710273333,11.7969113666667,3.23227506666667,8.00666666666667,1.65753333333333,28.45,120.500268941428,106.490235335425,140.765423018447,101.473530122453,125.772876291506,100.707900699096,0,0,15928,6,3,6,7,6,6,7,7,3,2,6,5,1,5,5,5,7,5,4,3,7,7,1,4,7,7,6,3,5,6,5,5,7,6,3,3,6,6,2,5,5,4,6,4,5,4,7,7,3,5,5,6,17,36,77,62,9,51,26,30,18,25,12,14,18,16,9,"4.4000000000000004",11,1
"2017","12",1184,400,96,688,0,17,0,2,0,0,3,0,6,0,51,1,25,0,0,3,13,1,5,0,17,50,0,0,1,12,16,0,54,141,0,13,0,33,0,777,333,14,30,43,1,47,20,16,307,24,6,15,36,101,2,23,52,0,0,0,0,1,0,1,0,17,4,62,3,0,0,5,2,1,9,0,2,32,2,15,0,14,279,0,0,0,10,0,0,0,9,1,157,7,0,0,13,0,19,0,1,1228,3,2,0,617,632,0,1,0,0,18,0,18,0,61,1,95,1,0,1,15,0,14,0,5,347,1,22,0,191,0,0,13,77,0,3,0,7,0,108,35,5,5,0,0,5,2,2,3,1,2,0,14,0,0,0,0,0,0,0,0,0,0,0,1,1,0,0,0,0,0,0,0,0,0,0,0,0,0,0,0,0,0,0,0,0,2,0,0,2,0,0,0,0,0,0,0,0,1,0,0,0,0,0,0,1,0,0,0,0,0,0,2,0,0,0,3,1,0,0,0,0,0,0,0,1,0,0,0,0,0,0,1,0,0,91.8112966451613,148.329730387097,153.976319935484,23.8753546774194,1.34222948387097,36.4031175806452,1.34222948387097,86.1585003870968,46000.8571454839,1565.50575990323,0.403647419354839,1.79900877419355,144.062975483871,201.666964096774,8.95372341935484,689.905574903226,5.15952422580645,30030.6612542903,335.245415129032,1.13391016129032,0.50217864516129,232.370471290323,4.69086835483871,0.943410387096774,1993.22892196774,12.3203898387097,3.3326415483871,5.69354838709677,3.39061290322581,34.4193548387097,121.992279700185,107.027825154569,143.637979173419,101.435397769266,130.229049472732,102.720749850077,0,0,8450,6,3,6,7,6,6,7,7,3,2,6,5,1,5,5,5,7,5,4,3,7,7,1,4,7,7,6,3,5,6,5,5,7,6,3,3,6,6,2,5,5,4,6,4,5,4,7,7,3,5,5,6,19,42,78,63,16,62,30,32,23,31,9,13,18,14,8,"4.2999999999999998",12,1
"2018","01",947,312,73,555,7,32,0,1,0,0,10,0,9,1,44,2,20,0,0,0,19,0,5,1,17,62,0,2,0,19,8,3,50,81,0,7,0,19,45,840,351,25,22,13,0,44,7,28,373,23,20,12,51,73,11,18,37,0,1,3,0,8,0,4,1,18,6,35,5,0,0,1,9,1,10,0,4,86,1,38,0,34,274,0,0,0,7,0,1,0,45,0,151,5,0,2,36,0,14,1,1,2112,1,18,0,545,761,0,4,0,0,13,0,8,0,127,4,69,0,0,2,26,0,38,0,7,499,3,14,0,300,2,0,13,65,0,3,0,28,0,142,13,0,4,0,0,13,2,3,5,2,14,1,105,1,0,1,0,0,0,0,0,0,0,0,1,0,0,0,0,0,1,0,1,0,0,0,0,0,0,0,0,0,0,0,1,0,0,0,0,1,0,0,0,0,0,0,2,0,0,0,0,0,0,0,0,1,0,0,0,0,1,0,0,0,0,0,2,0,0,0,0,0,1,2,1,0,0,0,0,0,0,0,1,0,0,95.3065815806452,148.317100774194,156.924061741935,24.3839376451613,1.37875567741935,37.4547174516129,1.37875567741935,87.5850430645161,49777.7201154839,1607.80760116129,0.41318764516129,1.82112822580645,151.268875806452,207.796799258065,9.60699338709677,708.684901580645,5.19916738709677,30825.9209844839,344.380956258064,1.13200993548387,0.515277838709677,238.603148677419,4.714513,0.968333870967742,2056.38359529032,12.4276469677419,3.37494264516129,6.3258064516129,2.80364516129032,34.6516129032258,128.461669849086,111.626894489329,152.812740382656,105.09498278024,136.611508213754,105.951006760574,0,0,9005,5,3,6,7,6,6,7,7,3,2,6,5,1,5,5,6,7,5,4,3,7,7,2,5,7,7,6,3,5,6,5,6,7,6,3,3,6,6,3,5,5,4,6,5,5,4,7,7,3,6,5,6,19,35,78,59,15,55,27,29,22,37,9,13,16,14,9,"4.2000000000000002",13,1
"2018","02",751,304,48,399,0,23,0,1,0,0,1,0,13,2,49,1,13,0,0,1,10,0,4,0,17,68,2,13,0,8,16,12,25,156,0,2,0,28,55,658,255,30,13,65,0,21,6,9,364,7,6,16,18,56,3,4,23,0,5,0,0,12,0,8,0,14,2,14,1,0,0,3,4,0,2,0,4,132,0,25,0,13,297,3,2,0,13,0,0,0,23,0,131,3,1,6,29,0,13,0,2,1783,3,14,0,548,545,0,1,0,0,21,0,4,0,137,1,67,1,0,4,16,0,13,0,9,475,1,18,0,189,1,1,4,59,0,0,0,14,4,113,7,0,1,3,0,3,3,1,5,5,0,1,5,2,0,1,0,0,0,0,0,0,0,0,0,0,0,0,0,0,0,0,0,0,0,0,0,0,0,0,0,0,0,0,0,0,1,0,0,1,1,0,0,0,0,0,2,0,0,0,0,0,0,0,0,0,0,0,0,0,0,0,1,0,0,0,1,1,0,0,0,0,0,2,0,0,0,0,0,0,0,0,0,0,0,96.0197775357143,147.509733,158.874702392857,24.7295299642857,1.40090182142857,38.0394488571429,1.40090182142857,90.028542,51645.7205314286,1634.96251260714,0.418796428571429,1.82913353571429,154.712021142857,212.711078607143,25.2805996071429,720.055615571429,5.29676517857143,31347.4726965,349.936321,1.1326045,0.524357821428571,242.63464675,4.88975428571429,0.984955607142857,2113.546982,12.5223147857143,3.34959885714286,2.82857142857143,0.999857142857143,32.15,126.349051212069,111.918959905413,147.221807973306,105.369045557368,137.619065520228,107.01022321662,0,0,4680,5,3,6,7,6,6,7,7,3,2,6,5,1,5,5,6,7,5,4,3,7,7,2,5,7,7,6,3,5,6,5,6,7,6,3,3,6,6,3,5,5,4,6,5,5,4,7,7,3,6,5,6,20,41,88,75,9,54,29,27,22,31,9,14,16,15,17,"4.2000000000000002",14,1
"2018","03",923,344,66,513,0,16,0,1,0,0,3,1,35,2,56,3,15,0,0,2,13,3,6,3,21,69,0,6,1,37,24,8,19,94,0,4,0,13,70,795,206,61,13,65,0,37,9,13,347,14,4,20,16,60,1,24,14,0,3,0,0,1,0,3,1,8,10,8,3,0,0,6,12,3,5,3,9,128,1,20,0,9,308,0,0,0,6,0,0,0,19,0,154,0,0,3,34,0,17,0,2,1523,1,7,0,585,598,0,0,0,0,14,0,6,0,73,1,113,1,0,6,22,0,19,0,28,425,3,32,0,232,0,2,4,79,0,3,0,4,3,169,7,2,4,1,0,2,1,3,15,12,4,3,5,3,2,1,0,1,0,0,0,0,0,0,1,0,0,0,0,0,0,0,0,0,0,0,0,0,0,0,0,0,0,0,0,0,0,0,0,1,1,0,0,0,0,0,1,0,1,0,0,0,0,0,0,1,1,0,0,1,0,0,0,0,0,0,2,1,0,0,0,0,0,1,0,1,0,0,0,0,0,0,1,1,0,95.7895328387097,145.800132548387,158.540169645161,24.5757124516129,1.39570861290323,37.9938426451613,1.39570861290323,90.7218557741935,52163.1310522903,1630.02084870968,0.417358677419355,1.82279309677419,156.318367612903,213.273600741935,25.2594608709677,717.389925451613,5.42418058064516,31329.374060871,348.672979354839,1.13239912903226,0.522446129032258,241.956108322581,4.83449058064516,0.98137135483871,2103.86670425806,12.4838454516129,3.35433419354839,5.39032258064516,1.63458064516129,28.7354838709677,126.116602528028,111.484121962948,147.282110157735,106.379336816158,132.46644058924,110.478047453876,0,0,6750,5,3,6,7,6,6,7,7,3,2,6,5,1,5,5,6,7,5,4,3,7,7,2,5,7,7,6,3,5,6,5,6,7,6,3,3,6,6,3,5,5,4,6,5,5,4,7,7,3,6,5,6,22,36,89,56,13,61,28,30,21,32,7,12,18,12,9,"4.2000000000000002",15,1
"2018","04",821,316,71,434,0,17,0,1,0,0,0,0,36,0,59,7,16,1,0,3,6,1,16,1,26,89,1,3,0,15,29,17,22,62,0,4,0,36,75,1196,376,49,29,50,0,24,2,5,398,15,1,13,14,58,4,38,22,0,3,1,0,1,0,7,0,15,13,10,0,0,0,8,4,1,1,0,3,83,3,23,0,17,339,0,0,0,8,0,0,0,27,0,125,3,0,0,8,0,17,0,4,1334,0,13,0,621,818,0,1,0,0,10,0,9,0,70,2,88,1,0,6,12,0,16,0,15,229,2,41,0,212,1,3,3,79,0,0,0,6,2,330,12,1,5,0,0,7,1,0,10,0,0,2,2,0,1,1,1,0,1,0,0,0,0,0,2,0,0,1,0,0,0,0,0,0,0,0,0,0,0,0,0,0,0,0,1,0,0,0,0,2,0,0,0,0,1,0,0,0,0,0,0,0,0,0,0,0,0,0,1,0,2,0,0,0,0,0,4,0,0,1,0,1,0,0,0,0,0,0,0,0,0,0,0,0,0,97.5899340333333,145.535400866667,160.164816766667,24.8501590333333,1.40798446666667,38.3243051,1.40798446666667,92.2703978666667,56896.7598842333,1647.06960043333,0.420603333333333,1.83989756666667,162.4107811,216.111749866667,25.536135,723.694697933333,5.71434036666667,31653.6413293667,351.6841078,1.1465392,0.526739533333333,244.182162466667,4.9703594,0.989833566666667,2120.54151416667,12.6241967333333,3.39826423333333,10.6,1.8905,26.4,128.083658939941,111.717952193763,151.756233761497,106.154141112105,133.89184750269,109.956109865193,0,0,12693,5,3,6,7,6,6,7,7,3,2,6,5,1,5,5,6,7,5,4,3,7,7,2,5,7,7,6,3,5,6,5,6,7,6,3,3,6,6,3,5,5,4,6,5,5,4,7,7,3,6,5,6,20,64,90,70,14,47,27,31,19,20,8,14,18,15,8,"4.2000000000000002",16,1
"2018","05",877,372,79,426,0,24,0,2,5,0,0,0,20,2,81,7,12,1,0,2,6,2,11,0,15,84,0,9,0,29,10,8,26,61,0,4,0,41,63,841,425,32,27,43,2,15,3,8,382,24,11,18,5,121,1,16,16,0,0,1,0,0,0,4,0,25,13,12,7,0,0,0,3,1,2,0,3,96,0,14,0,22,430,0,0,0,8,0,0,0,39,1,156,26,0,0,44,0,18,0,7,792,2,15,0,488,949,0,2,0,0,10,0,9,0,118,2,104,1,0,9,27,0,29,0,13,181,3,54,0,184,0,2,0,57,1,0,0,7,3,184,14,3,6,4,0,11,0,3,15,1,3,2,7,3,0,5,2,0,0,1,0,0,1,0,6,0,0,0,0,0,0,0,0,2,0,0,1,0,0,0,0,0,1,0,0,0,0,0,0,1,0,0,0,0,0,0,0,0,2,0,0,0,0,0,0,0,0,0,2,0,0,1,0,0,1,0,7,0,0,0,0,0,0,0,0,4,0,0,1,0,0,0,0,0,1,94.7439344193548,142.024960387097,155.778481774194,23.9652153548387,1.34908203225806,36.851218,1.34908203225806,90.9313330967742,56648.3313460323,1576.52164229032,0.405272,1.79539461290323,155.547962096774,209.166248193548,24.372116483871,693.426527516129,5.94958493548387,30290.9943260323,337.060659903226,1.13957603225806,0.504601161290323,234.624932322581,4.83564890322581,0.948204870967742,2027.15313451613,12.3560380645161,3.386193,12.9225806451613,1.50561290322581,25.2774193548387,132.836006812929,112.052888096146,162.898254687632,107.508141099892,134.349342495601,107.238221029819,0,0,13580,5,3,6,7,6,6,7,7,3,2,6,5,1,5,5,6,7,5,4,3,7,7,2,5,7,7,6,3,5,6,5,6,7,6,3,3,6,6,3,5,5,4,6,5,5,4,7,7,3,6,5,6,23,65,96,72,14,50,26,32,18,24,16,28,35,31,54,"4",17,1
"2018","06",1088,327,92,665,4,33,0,5,0,0,6,0,30,1,59,0,14,1,1,4,2,0,26,3,32,109,1,12,1,28,44,20,19,59,0,2,1,31,45,785,172,28,14,90,0,22,3,7,325,21,12,15,13,91,7,7,37,0,2,0,0,1,0,8,0,18,3,13,5,4,0,2,1,0,4,0,2,138,1,13,1,19,312,0,0,0,4,0,2,0,36,0,134,46,1,0,19,0,10,0,2,875,1,14,0,476,964,0,0,0,0,10,0,25,0,81,7,73,1,0,2,18,0,35,2,24,270,0,64,0,239,0,2,0,50,0,0,0,6,5,159,6,0,2,17,0,2,0,1,34,2,0,0,3,60,2,3,0,0,0,0,0,0,0,0,3,0,0,0,0,0,0,0,0,0,0,0,0,1,0,0,0,2,0,0,0,0,0,0,0,0,0,0,0,0,0,0,2,0,0,0,0,0,0,0,1,0,0,1,0,0,0,0,0,0,0,0,3,0,0,0,0,0,0,2,0,0,0,0,0,1,0,1,0,2,1,94.4093124,140.5504727,154.8005405,23.7101476333333,1.328781,36.3127317,1.328781,89.9294720666667,56227.2276856667,1554.00471783333,0.4005992,1.78042113333333,156.736922533333,207.693267733333,23.9627069,682.988567266667,6.1426339,29947.6838294,332.0140729,1.13870796666667,0.498985566666667,231.793846233333,4.77946846666667,0.9348787,2006.7086457,12.2802299666667,3.4423033,14.91,0.1629,25.3766666666667,131.646123912483,109.848974050575,163.175141815922,103.887754443605,135.314499108961,108.076086326525,0,0,15065,5,3,6,7,6,6,7,7,3,2,6,5,1,5,5,6,7,5,4,3,7,7,2,5,7,7,6,3,5,6,5,6,7,6,3,3,6,6,3,5,5,4,6,5,5,4,7,7,3,6,5,6,24,52,86,80,13,72,30,34,26,27,35,48,51,67,100,"4",18,1
"2018","07",1269,408,133,728,0,32,0,0,0,0,0,0,22,1,59,2,20,0,0,2,2,1,37,4,33,136,0,10,1,34,58,6,31,4,0,1,0,12,35,909,166,112,32,16,0,38,13,7,275,34,1,14,9,110,1,21,28,0,7,0,0,0,1,8,3,25,4,5,9,3,0,3,1,0,10,1,7,215,4,13,0,19,448,0,0,0,2,0,0,0,29,0,164,64,1,0,2,0,24,0,2,816,0,26,0,514,990,0,1,0,0,8,0,18,0,78,9,79,4,0,7,12,0,35,0,16,225,2,89,0,306,1,1,13,7,0,0,0,7,1,156,3,31,3,1,0,9,3,2,85,2,0,0,2,0,0,0,1,0,0,0,0,0,0,1,2,1,0,0,0,0,0,0,0,0,0,0,0,1,0,0,1,1,0,0,0,0,0,0,0,1,1,0,0,0,0,0,1,0,0,0,0,0,0,0,0,0,0,0,1,0,0,0,0,0,0,1,3,2,0,0,0,0,0,1,0,0,0,0,0,1,0,0,1,1,0,95.2260476129032,139.12622683871,154.275083419355,23.5233600645161,1.31614919354839,35.9216543870968,1.31614919354839,90.3295087096774,56929.4990944516,1535.62994829032,0.397314419354839,1.77367509677419,163.492354354839,205.586708870968,23.6332174193548,676.501391258064,6.27134332258065,29907.2493389355,328.942330290323,1.12705122580645,0.494715709677419,229.054827064516,4.79057561290323,0.924721838709677,1974.62011467742,12.121255516129,3.46360012903226,18.9774193548387,0.565903225806452,22.1516129032258,129.840947702809,105.898296686868,164.473377966392,101.329004182498,126.908341396209,103.731646006272,0,0,16180,5,3,6,7,6,6,7,7,3,2,6,5,1,5,5,6,7,5,4,3,7,7,2,5,7,7,6,3,5,6,5,6,7,6,3,3,6,6,3,5,5,4,6,5,5,4,7,7,3,6,5,6,24,53,91,71,14,66,31,35,21,28,21,14,17,16,18,"4",19,1
"2018","08",1134,386,73,665,10,21,1,3,0,0,2,0,29,0,111,2,10,1,0,0,3,1,35,0,9,145,0,1,4,30,6,4,33,10,0,1,0,10,32,1104,179,77,15,10,0,29,5,10,419,23,3,27,10,85,1,37,17,0,4,0,1,0,0,21,2,30,11,4,4,0,0,1,4,0,7,2,7,167,5,20,1,21,293,0,2,0,5,0,1,0,24,1,189,26,1,0,13,0,12,0,2,652,6,26,0,507,963,0,0,0,0,14,0,11,0,79,8,83,1,1,3,11,0,23,0,3,140,0,83,0,226,1,0,2,7,0,1,0,2,1,228,6,3,5,0,0,3,2,0,47,6,0,1,2,0,0,5,1,0,0,0,0,0,0,0,2,1,0,0,0,0,0,0,0,0,0,0,0,1,0,0,0,2,0,0,0,0,0,0,0,1,0,0,0,0,0,0,0,0,2,0,0,0,1,0,0,0,0,0,1,0,0,0,0,0,0,0,3,1,0,0,0,0,0,0,0,2,0,0,0,2,0,0,0,2,0,93.1075259677419,137.456879419355,151.840152290323,22.9921034193548,1.28750670967742,35.229392483871,1.28750670967742,89.3665064516129,55207.9420561935,1503.76874296774,0.388998419354839,1.75222087096774,158.622952258065,202.63161,23.1613179677419,661.777655677419,7.48891096774194,29561.525245871,321.643534806452,1.11570838709677,0.482527451612903,224.331383290323,4.71554187096774,0.905077774193548,1934.03543912903,11.8751210645161,3.5244844516129,17.4967741935484,2.5761935483871,23.8516129032258,127.500840494068,102.842949843657,163.167846533993,97.4752313856936,125.099540790902,107.60218960803,0,0,14659,5,3,6,7,6,6,7,7,3,2,6,5,1,5,5,6,7,5,4,3,7,7,2,5,7,7,6,3,5,6,5,6,7,6,3,3,6,6,3,5,5,4,6,5,5,4,7,7,3,6,5,6,22,58,91,75,19,51,34,37,23,43,16,14,21,21,13,"4.0999999999999996",20,1
"2018","09",1153,495,48,603,7,18,0,1,0,0,2,0,11,2,88,0,9,1,0,1,2,1,35,0,25,116,0,15,0,52,1,10,16,14,0,4,0,16,84,1167,89,32,3,25,3,18,4,5,373,30,4,312,16,114,2,46,8,0,8,1,0,2,2,7,0,22,14,10,3,0,0,1,5,2,4,2,2,169,2,15,0,25,310,0,1,0,14,0,0,1,14,0,160,32,0,1,27,0,9,1,0,693,2,13,0,619,647,0,2,0,0,5,0,8,0,58,4,64,0,0,5,22,0,23,2,12,186,0,63,0,240,0,2,3,14,0,1,0,15,3,339,2,16,4,0,0,1,2,0,23,5,3,0,9,4,2,23,0,0,0,0,0,0,1,0,3,0,0,0,0,0,0,0,0,0,0,0,0,0,0,1,0,0,0,2,0,0,0,0,0,1,1,0,0,0,0,0,0,0,0,0,1,0,0,0,0,0,0,0,2,0,0,0,0,0,1,0,4,1,0,0,0,0,0,0,0,0,0,1,0,0,0,1,0,0,0,96.8097228,138.8608289,153.433064533333,23.3475902333333,1.3062119,35.8578423,1.3062119,94.0198239333333,54860.9036978333,1525.20135236667,0.394396633333333,1.76973343333333,160.9666492,211.287890766667,23.4731614333333,671.392976833333,8.2816263,30003.4245948333,326.3221249,1.11961763333333,0.489154333333333,227.529966933333,4.68063836666667,0.9184543,1955.59065436667,11.9419412666667,3.61729116666667,14.9233333333333,1.35143333333333,26.47,131.720310839944,103.454705513081,172.605783575972,98.2297484346611,124.524515016066,116.620997054346,0,0,16393,5,3,6,7,6,6,7,7,3,2,6,5,1,5,5,6,7,5,4,3,7,7,2,5,7,7,6,3,5,6,5,6,7,6,3,3,6,6,3,5,5,4,6,5,5,4,7,7,3,6,5,6,21,54,82,85,18,51,36,31,26,32,9,16,19,24,25,"4.0999999999999996",21,1
"2018","10",1294,496,95,680,23,23,0,1,0,0,3,0,13,3,94,2,11,2,1,3,12,1,50,6,30,111,1,12,0,57,2,2,15,22,0,4,0,31,67,831,167,8,22,19,0,14,11,8,527,63,5,67,10,69,1,35,22,0,6,0,0,0,0,12,1,20,16,9,6,3,0,4,7,1,9,6,3,121,2,18,1,35,271,0,1,0,23,0,1,0,23,0,172,31,0,2,8,0,18,0,3,459,4,9,0,493,678,1,0,0,0,14,0,18,0,68,4,59,0,0,5,21,1,34,0,10,200,2,60,0,250,1,1,1,31,0,0,0,1,2,267,0,0,0,0,0,7,2,1,47,4,0,2,6,4,0,11,0,0,0,0,0,0,1,0,1,1,0,0,1,0,0,0,0,0,0,0,1,0,0,1,0,0,1,2,0,0,0,1,0,1,0,0,0,0,0,0,0,1,0,0,0,0,0,0,0,1,0,0,2,0,0,0,0,0,2,0,2,1,0,0,1,0,0,0,1,0,0,0,1,0,0,1,1,0,1,97.8065900645161,139.092661096774,153.883487387097,23.2934495483871,1.30237838709677,35.881839516129,1.30237838709677,95.7027863225806,37259.3486569032,1520.58191193548,0.393416161290323,1.77313816129032,167.83672316129,219.141720387097,42.9434861612903,456.393761096774,7.60050629032258,29962.0683119355,222.03417116129,1.13316225806452,0.487175258064516,226.838967806452,4.74889170967742,0.915159580645161,1961.40958696774,12.0082232903226,3.69009787096774,12.7483870967742,1.42690322580645,27.6483870967742,132.817541291737,105.530500959601,172.287544875428,99.82533993813,127.684756620176,123.345678982825,0,0,19009,5,3,6,7,6,6,7,7,3,2,6,5,1,5,5,6,7,5,4,3,7,7,2,5,7,7,6,3,5,6,5,6,7,6,3,3,6,6,3,5,5,4,6,5,5,4,7,7,3,6,5,6,18,47,73,66,11,69,33,29,25,39,9,13,19,21,15,"4",22,1
"2018","11",1555,507,139,799,110,15,0,7,0,0,7,0,16,6,96,0,11,2,0,0,15,0,26,9,19,97,3,16,0,43,3,23,77,40,0,8,0,18,57,818,207,17,21,24,0,20,10,34,343,56,0,7,76,77,1,19,12,0,29,1,0,3,0,9,1,18,11,9,12,0,0,1,4,0,24,4,6,129,4,25,1,27,191,0,1,0,28,0,1,0,25,0,114,12,2,0,4,0,20,0,6,725,1,12,0,499,728,0,3,0,0,16,0,6,0,65,0,61,0,1,4,24,0,22,2,10,182,1,34,0,275,3,5,9,57,0,1,0,0,6,241,4,1,11,2,0,7,0,0,44,6,1,2,35,1,1,4,0,0,0,0,0,0,0,0,1,1,1,0,1,1,0,0,0,0,0,0,0,0,0,0,0,1,0,0,0,0,0,0,0,1,0,0,0,0,0,0,0,0,0,0,0,0,0,0,0,1,0,0,0,0,0,0,0,0,0,0,2,1,1,0,1,1,0,0,0,0,0,0,0,0,0,0,1,1,0,96.9267155333333,138.686229166667,152.471671166667,23.0807277,1.2909431,35.7652792,1.2909431,92.8409292333333,1.2909431,1506.544007,0.391020633333333,1.7678998,172.0183682,224.082297533333,61.4244321,1.2909431,6.9443971,29666.1669079333,1.2909431,1.13560073333333,0.4828724,224.745311033333,4.78013483333333,0.9062411,1876.15943206667,11.9400400333333,3.73550423333333,8.73666666666667,1.95676666666667,30.2766666666667,121.454747024837,103.073282981127,148.043063047674,95.8793194184728,125.888494154108,125.290452166436,0,0,10704,5,3,6,7,6,6,7,7,3,2,6,5,1,5,5,6,7,5,4,3,7,7,2,5,7,7,6,3,5,6,5,6,7,6,3,3,6,6,3,5,5,4,6,5,5,4,7,7,3,6,5,6,20,39,67,62,14,63,32,30,26,33,4,13,17,14,13,"4",23,1
"2018","12",1565,502,135,790,138,5,0,4,0,0,10,1,20,0,119,0,10,3,0,2,12,1,33,5,15,84,3,18,0,51,0,82,89,32,0,23,0,33,41,1060,231,36,57,26,0,22,30,38,366,50,72,10,63,72,5,23,12,2,8,1,1,6,0,3,0,11,14,10,6,4,0,5,11,1,10,7,5,166,5,19,1,25,200,0,0,0,47,0,2,0,13,1,99,0,0,1,5,0,10,0,1,797,1,2,0,599,769,0,2,0,0,31,0,20,0,73,1,41,1,0,7,17,0,27,1,5,221,2,26,0,306,0,5,12,44,0,2,0,1,3,270,1,7,5,2,0,3,0,3,36,19,18,1,61,1,0,4,0,0,0,0,0,0,0,0,1,0,0,0,0,0,0,0,0,0,0,0,1,0,0,0,0,1,0,0,0,0,0,0,0,3,1,0,0,0,0,0,0,0,0,0,0,0,0,0,0,0,0,0,0,0,0,0,0,0,0,0,4,1,0,0,0,0,0,0,0,0,0,0,1,0,0,0,0,1,0,95.1301757096774,134.767427645161,149.742043096774,22.6791846129032,1.26794977419355,35.3302011290323,1.26794977419355,89.5510522258064,1.26794977419355,1479.58554983871,0.383969322580645,1.73718996774194,175.225158,224.656378774194,60.3230701612903,1.26794977419355,6.71867087096774,29089.6607240645,1.26794977419355,1.11374312903226,0.474184516129032,220.723160096774,4.75174764516129,0.891323870967742,1905.401758,11.7459567741935,3.73880874193548,7.49677419354839,2.55461290322581,28.7258064516129,115.900162011294,104.290540469278,132.6931816386,98.2556877773635,123.089526759239,122.881960167577,0,0,10318,5,3,6,7,6,6,7,7,3,2,6,5,1,5,5,6,7,5,4,3,7,7,2,5,7,7,6,3,5,6,5,6,7,6,3,3,6,6,3,5,5,4,6,5,5,4,7,7,3,6,5,6,18,54,65,66,12,73,40,29,23,31,6,14,17,16,12,"3.8999999999999999",24,1
"2019","01",1203,435,64,659,45,11,0,2,0,0,11,0,7,0,98,0,13,1,0,2,5,1,40,3,12,108,0,9,6,37,2,31,35,27,0,5,0,11,26,989,204,17,17,21,2,17,7,39,254,63,113,15,155,75,1,15,9,2,4,0,0,12,0,2,5,16,9,17,3,5,0,3,8,2,25,9,1,175,2,13,1,23,195,0,1,0,43,0,0,0,25,1,86,3,0,0,9,0,19,0,1,690,1,8,0,696,712,0,1,0,0,23,0,3,0,78,3,56,2,0,1,20,1,34,1,12,366,1,21,0,344,0,23,6,29,0,1,0,9,0,227,1,3,10,1,1,3,1,1,28,12,8,2,22,2,5,5,1,0,1,0,0,0,0,0,1,0,0,0,0,0,1,0,0,2,0,1,1,1,0,0,0,0,2,0,0,2,0,0,0,1,1,0,0,0,0,0,1,0,1,0,0,0,0,0,0,0,0,0,1,0,1,2,0,0,0,0,2,1,0,0,0,0,1,1,0,3,0,1,1,1,0,0,0,0,2,96.5599492580645,137.45592016129,151.941630387097,23.009595,1.28846483870968,36.0431025806452,1.28846483870968,90.8868916451613,1.28846483870968,1503.12885558065,0.388929129032258,1.75298580645161,178.976385,230.549765451613,61.2797710967742,1.28846483870968,6.9107675483871,29431.0269778065,1.28846483870968,1.12838558064516,0.481824741935484,224.235429290323,4.74347683870968,0.905719806451613,1933.87157977419,11.9447119032258,3.8626864516129,4.4258064516129,1.39125806451613,27.2903225806452,117.018940738945,106.082724279592,132.837897195512,99.7573868780183,124.918610029016,117.626171336452,0,0,8365,5,3,6,7,6,6,7,6,3,2,6,5,2,5,5,5,7,5,5,3,7,7,2,5,7,7,6,3,5,6,5,6,7,6,3,3,6,6,3,5,5,4,6,5,5,4,7,7,3,6,5,6,21,50,63,69,17,66,33,31,30,29,9,11,16,14,13,"3.8999999999999999",25,1
"2019","02",1101,281,90,642,88,13,1,0,0,0,4,0,5,0,72,0,8,0,0,1,4,0,15,2,12,89,3,12,1,39,0,29,82,71,0,11,0,3,66,1324,150,43,20,49,0,23,6,54,420,59,116,14,109,101,5,25,14,0,7,1,0,8,0,5,0,18,6,8,3,3,0,6,19,1,14,5,2,82,2,23,0,35,161,0,0,0,15,0,0,0,23,1,73,8,2,2,9,0,13,0,0,1000,4,3,0,638,577,0,0,0,0,12,0,4,0,54,3,66,0,1,3,21,0,28,0,9,125,0,5,0,272,0,7,1,38,0,0,0,1,0,274,3,0,4,1,0,7,0,1,16,1,7,1,17,4,1,0,0,0,0,0,0,0,0,0,0,0,0,0,0,0,0,0,0,1,0,0,0,0,0,0,0,0,0,0,0,0,1,0,0,2,0,0,0,0,0,0,0,0,0,0,0,0,0,1,0,1,0,0,0,0,0,0,1,0,0,0,2,0,0,0,0,0,0,0,0,1,0,0,0,0,1,0,1,0,0,96.981354,139.702984178571,153.62249,22.8253324285714,1.29999678571429,36.5590429642857,1.29999678571429,92.4132628571429,1.29999678571429,1517.07727875,0.392977142857143,1.76979967857143,180.460493857143,228.200478714286,61.8543454285714,1.29999678571429,6.84477628571429,29713.405345,1.29999678571429,1.14488228571429,0.485788107142857,226.317126964286,4.68194864285714,0.91297775,1946.92966321429,12.0546601071429,3.94437485714286,7.06071428571429,0.998571428571429,26.2892857142857,118.744238482665,107.376207670479,135.187803319121,98.3887182596096,134.632465960837,109.763882401849,0,0,4928,5,3,6,7,6,6,7,6,3,2,6,5,2,5,5,5,7,5,5,3,7,7,2,5,7,7,6,3,5,6,5,6,7,6,3,3,6,6,3,5,5,4,6,5,5,4,7,7,3,6,5,6,19,40,67,66,13,61,34,28,22,31,5,17,19,14,17,"3.7999999999999998",26,1
"2019","03",1434,460,131,777,66,26,0,0,0,0,9,0,6,1,66,0,7,3,0,1,11,1,29,1,23,107,2,16,0,44,2,17,183,34,0,15,0,12,66,753,110,51,21,59,3,40,27,116,392,66,96,45,84,100,2,15,12,1,5,0,0,3,0,1,0,35,2,10,20,6,0,9,20,1,38,0,0,112,2,47,0,37,183,0,0,0,20,0,0,0,14,0,83,32,0,0,3,0,15,0,2,1202,4,9,0,738,673,0,0,0,0,14,0,1,0,94,2,43,2,1,7,7,0,29,0,12,176,2,29,0,286,0,4,1,22,0,0,0,1,0,276,1,2,2,2,0,1,2,7,24,3,4,5,10,26,2,11,3,0,0,0,0,0,0,0,0,2,1,0,0,0,0,0,0,0,0,0,0,0,1,0,0,0,0,0,0,0,0,1,0,0,0,1,0,0,0,0,0,0,0,0,0,0,0,0,0,0,0,0,3,0,0,0,0,0,1,0,0,2,2,0,0,0,0,0,0,0,0,0,0,0,1,0,0,0,0,98.8109918709677,142.870353387097,156.199982193548,22.8757199032258,1.31798570967742,37.1844238064516,1.31798570967742,91.665185516129,1.31798570967742,1539.5767596129,0.398753967741935,1.79571532258065,183.867815806452,231.357052935484,62.7767321290323,1.31798570967742,7.18590548387097,30148.5431921935,1.31798570967742,1.16579325806452,0.492986225806452,229.672580129032,4.75418570967742,0.925299774193548,1981.30077454839,12.3161662258065,3.96154680645161,8.32903225806452,1.36190322580645,32.9354838709677,119.364307743277,107.078549484756,137.135341779574,97.8497198279684,136.281541307027,107.083336196475,0,0,6200,5,3,6,7,6,6,7,6,3,2,6,5,2,5,5,5,7,5,5,3,7,7,2,5,7,7,6,3,5,6,5,6,7,6,3,3,6,6,3,5,5,4,6,5,5,4,7,7,3,6,5,6,18,44,71,75,13,61,29,30,23,40,6,13,16,18,9,"3.7999999999999998",27,1
"2019","04",1204,352,70,702,80,19,0,0,0,1,3,0,3,1,114,1,15,0,0,2,2,0,29,1,6,119,0,12,0,36,2,13,172,27,0,2,0,11,61,730,100,24,14,56,1,35,8,64,263,22,101,20,218,148,0,23,19,0,0,0,0,2,0,2,0,27,6,11,3,5,0,7,2,2,6,8,1,65,4,36,0,39,194,0,0,0,16,0,0,0,26,1,122,8,0,1,114,0,14,3,1,1303,5,5,0,595,722,0,0,0,0,8,0,5,0,66,1,52,1,0,3,79,0,36,0,12,163,3,23,0,273,0,7,1,20,0,2,0,2,3,623,4,0,2,2,0,4,0,4,31,7,5,1,16,3,0,0,0,0,0,0,0,0,1,0,1,0,0,0,0,0,0,0,0,2,0,0,0,0,0,0,0,0,0,0,0,0,0,0,0,0,0,0,0,0,0,0,0,1,0,0,0,0,0,0,0,0,0,0,0,0,0,0,0,0,1,0,1,0,0,0,0,0,0,0,1,2,0,0,0,0,0,0,0,0,0,99.5794695666667,141.2431615,154.901737266667,22.4529244666667,1.30233316666667,37.0823830333333,1.30233316666667,90.2741653666667,1.30233316666667,1520.2560779,0.394307333333333,1.77962313333333,183.8757337,223.683806166667,61.8214907,1.30233316666667,7.49809206666667,29782.9003367333,1.30233316666667,1.15973016666667,0.4866791,226.787453166667,4.658324,0.9139101,1953.81742096667,12.2052113,3.89913163333333,9.48333333333333,0.6716,25.41,122.77998094573,109.023140419745,142.678897730099,100.518147062389,139.85857412069,107.435803180793,0,0,6361,5,3,6,7,6,6,7,6,3,2,6,5,2,5,5,5,7,5,5,3,7,7,2,5,7,7,6,3,5,6,5,6,7,6,3,3,6,6,3,5,5,4,6,5,5,4,7,7,3,6,5,6,23,100,82,87,15,62,32,30,22,38,30,14,16,18,13,"3.7999999999999998",28,1
"2019","05",1119,335,54,580,150,18,0,0,0,0,5,0,4,3,145,0,11,0,0,4,10,0,38,5,13,61,0,14,1,48,0,11,212,45,0,6,0,9,68,851,361,29,14,44,2,53,7,73,317,33,85,17,54,182,4,17,17,0,5,0,0,0,1,0,0,29,4,18,11,4,0,7,2,0,15,15,3,61,3,21,0,56,270,0,0,0,33,0,1,0,26,0,104,50,0,1,51,0,11,1,0,1761,1,12,0,569,601,0,2,0,0,12,0,2,0,60,4,58,0,0,5,17,0,48,1,6,181,3,58,0,235,1,6,2,31,1,1,0,1,3,572,5,0,5,6,0,9,3,2,34,8,3,5,12,5,0,2,1,0,0,0,0,0,0,1,1,0,0,0,0,0,0,1,0,0,0,1,0,0,0,0,0,1,1,0,0,0,0,0,0,1,0,0,0,0,0,0,0,0,0,0,0,0,0,0,0,0,0,0,1,0,0,0,0,0,0,1,2,0,0,0,0,0,0,1,0,0,0,1,0,0,0,0,0,1,1,100.378746,138.684310129032,153.284024774194,21.8923387096774,1.28663929032258,36.6991380322581,1.28663929032258,89.7040511935484,1.28663929032258,1500.42364545161,0.389978387096774,1.76275903225806,186.277324096774,222.702129451613,57.9734229032258,1.28663929032258,7.78781903225806,29575.4877863226,1.28663929032258,1.14995687096774,0.48121735483871,223.833429806452,4.60140196774194,0.903487290322581,1932.16308841935,12.1003428709677,3.83244229032258,11.541935483871,1.00303225806452,23.7903225806452,119.639814357328,107.179673394828,137.663088499814,97.8091795272003,138.985526694699,109.049213882767,0,0,7848,5,3,6,7,6,6,7,6,3,2,6,5,2,5,5,5,7,5,5,3,7,7,2,5,7,7,6,3,5,6,5,6,7,6,3,3,6,6,3,5,5,4,6,5,5,4,7,7,3,6,5,6,17,44,82,65,18,53,33,29,22,38,42,14,21,31,10,"3.8999999999999999",29,1
"2019","06",1070,337,47,523,163,21,1,0,0,1,9,0,4,0,118,1,17,1,2,2,2,0,39,7,13,71,1,17,1,43,4,23,171,24,0,3,0,6,77,1002,137,24,14,36,2,45,2,29,373,68,97,5,33,52,2,18,28,6,5,0,0,5,2,1,0,22,6,15,5,1,0,8,5,1,8,5,4,61,3,22,2,34,241,0,0,0,38,0,2,0,17,2,148,31,0,1,38,1,18,1,0,1197,2,12,0,603,737,0,0,0,0,10,0,2,1,50,5,67,1,0,5,38,0,32,1,10,124,3,72,1,275,0,17,1,34,0,0,0,1,3,294,3,2,5,3,0,8,0,2,61,14,7,0,6,12,2,1,1,1,0,0,0,0,0,0,5,0,0,0,0,0,0,0,0,0,0,1,0,1,0,0,1,0,1,0,0,0,1,0,0,1,0,0,0,0,0,0,1,0,0,0,0,0,0,0,0,0,0,0,1,1,0,0,1,0,0,0,6,0,0,0,0,0,0,1,0,0,0,1,0,1,0,0,1,0,1,100.833843333333,134.3258164,150.5364985,21.1900237666667,1.2676631,36.2711615666667,1.2676631,87.9230723,1.2676631,1477.61625213333,0.384132866666667,1.73562416666667,194.529966366667,219.734797533333,57.0901214666667,1.2676631,7.36641006666667,29126.4589154667,1.2676631,1.12345876666667,0.4744933,220.4651997,4.5537298,0.890256933333333,1906.36384286667,11.8514372,3.7194355,15.56,2.53913333333333,25.7266666666667,114.86701571619,109.883309467861,122.075818909474,99.6630719376667,141.422005484341,109.966157416669,0,0,10092,5,3,6,7,6,6,7,6,3,2,6,5,2,5,5,5,7,5,5,3,7,7,2,5,7,7,6,3,5,6,5,6,7,6,3,3,6,6,3,5,5,4,6,5,5,4,7,7,3,6,5,6,20,48,84,79,19,65,31,32,22,38,29,14,18,21,9,"3.7999999999999998",30,1
"2019","07",1478,475,92,716,195,30,0,0,0,0,11,0,1,1,90,0,8,3,0,3,5,1,37,3,21,95,0,21,1,56,0,11,148,51,0,6,0,4,85,1212,196,38,62,23,3,34,11,27,429,59,119,7,41,77,1,23,25,1,1,0,0,3,0,0,1,31,13,9,4,0,0,8,9,0,7,5,2,67,3,55,0,62,511,1,0,0,30,0,0,0,18,2,120,9,0,0,68,0,12,1,2,1633,1,32,0,474,874,0,0,0,0,11,0,0,2,69,6,59,1,0,3,37,1,36,1,5,126,2,67,0,297,0,6,0,39,0,0,0,3,1,235,5,1,19,2,0,11,2,5,36,15,4,1,8,7,0,1,0,0,0,0,0,0,0,0,1,1,0,0,0,0,0,0,1,3,0,0,0,1,0,0,1,1,1,0,0,0,0,0,0,2,1,0,0,0,0,0,1,0,3,0,0,0,0,0,1,1,0,0,0,0,0,0,0,0,0,0,3,2,0,0,0,0,0,1,1,6,0,0,0,1,0,1,2,1,1,99.8789627741936,133.067894193548,148.504632774194,20.7408556451613,1.24995519354839,35.8084168709677,1.24995519354839,85.8465868064516,1.24995519354839,1457.89483119355,0.379212,1.71408016129032,198.887750354839,216.025833806452,56.3342513225806,1.24995519354839,7.08576909677419,28585.0998073548,1.24995519354839,1.11311496774194,0.467853064516129,217.522336806452,4.41407677419355,0.877762741935484,1872.25759964516,11.6462349677419,3.58480629032258,17.9451612903226,1.04170967741935,23.3838709677419,117.375106218246,111.59736520897,125.732460316235,99.2805358960169,147.802520089795,104.697832301714,0,0,11893,5,3,6,7,6,6,7,6,3,2,6,5,2,5,5,5,7,5,5,3,7,7,2,5,7,7,6,3,5,6,5,6,7,6,3,3,6,6,3,5,5,4,6,5,5,4,7,7,3,6,5,6,27,46,82,77,17,45,30,31,26,40,12,13,15,16,14,"3.8999999999999999",31,1
"2019","08",1515,493,50,630,342,39,1,0,0,1,5,0,6,1,73,4,5,1,0,0,5,0,29,9,12,84,0,16,0,42,4,14,172,17,0,3,0,1,38,1179,108,28,15,31,0,37,7,38,609,49,51,7,90,103,7,16,10,1,1,1,0,0,1,1,2,30,0,9,7,5,0,12,6,0,8,4,0,70,0,57,0,96,496,0,0,0,26,0,0,0,13,1,124,14,0,3,66,0,26,0,1,1012,1,13,0,435,889,0,0,0,0,9,0,2,0,70,4,57,0,0,3,49,0,30,1,6,189,1,53,0,300,0,2,2,26,0,0,0,1,0,354,4,2,4,5,0,5,1,1,26,15,1,4,8,3,0,4,0,0,0,0,0,0,0,0,1,0,0,0,0,0,0,0,1,2,0,0,1,1,0,0,1,2,0,0,0,0,1,0,0,0,0,0,0,0,0,0,1,0,0,0,0,0,0,1,0,0,0,0,0,0,0,0,1,0,0,0,1,0,0,0,0,0,0,1,1,2,0,0,1,1,1,0,1,2,0,94.2378303225806,129.810578870968,145.065458290323,20.1151566129032,1.21556609677419,35.1123246129032,1.21556609677419,86.2541320967742,1.21556609677419,1417.55345922581,0.368575258064516,1.67624806451613,193.728446774194,212.380728903226,54.7775470967742,1.21556609677419,6.85578709677419,27776.5195403871,1.21556609677419,1.09264432258065,0.454465580645161,211.469926548387,4.26020758064516,0.852538806451613,1814.29820725806,11.3328717096774,3.47760612903226,18.0032258064516,0.813903225806452,25.0483870967742,112.040003428534,108.515372265429,117.138291954721,96.8370126732016,133.252430383235,101.087282114432,0,0,15076,5,3,6,7,6,6,7,6,3,2,6,5,2,5,5,5,7,5,5,3,7,7,2,5,7,7,6,3,5,6,5,6,7,6,3,3,6,6,3,5,5,4,6,5,5,4,7,7,3,6,5,6,23,61,82,82,17,72,100,100,100,100,11,35,14,17,13,"3.7999999999999998",32,1
"2019","09",1652,533,118,791,210,66,0,0,0,2,5,0,3,0,47,3,7,0,0,1,4,0,24,2,10,128,0,9,1,29,7,12,152,11,1,21,0,1,68,1017,175,33,22,49,4,51,7,58,363,58,83,41,80,207,0,21,18,1,2,5,0,8,0,2,3,21,3,27,9,3,0,5,1,1,12,3,3,72,0,65,0,80,547,0,0,0,15,0,2,0,13,0,116,6,0,4,99,0,13,1,0,716,1,14,1,410,1013,0,1,0,1,13,0,6,0,84,5,48,0,0,1,60,0,27,1,2,123,3,55,0,293,1,0,0,3,0,0,0,1,1,229,8,3,5,2,0,33,0,0,35,2,4,3,12,1,0,1,0,1,0,0,0,0,0,0,0,0,0,0,0,0,0,0,1,2,0,0,1,0,0,0,1,1,0,0,0,0,0,0,0,2,0,0,0,0,0,0,0,1,0,0,0,0,0,0,0,0,0,0,0,1,0,0,0,0,0,0,2,0,0,0,0,0,0,0,2,2,0,0,1,0,0,0,1,1,0,32.3518919,45.0393608333333,49.6739871333333,7.5534675,1.23602666666667,12.6835088333333,1.23602666666667,88.0254384,1.23602666666667,476.713629833333,0.951655733333333,1.3937728,64.6462793333333,73.1705452333333,19.2210053666667,1.23602666666667,7.04571993333333,9319.9972089,1.23602666666667,1.1220145,0.9804033,71.8194826333333,4.34079463333333,1.1141882,612.954998433333,4.65252056666667,1.99512513333333,15.51,1.6833,28.5566666666667,114.073675334073,108.291598027393,122.437301774977,95.1822852826023,134.764775832011,102.071556286159,0,0,20269,5,3,6,7,6,6,7,6,3,2,6,5,2,5,5,5,7,5,5,3,7,7,2,5,7,7,6,3,5,6,5,6,7,6,3,3,6,6,3,5,5,4,6,5,5,4,7,7,3,6,5,6,23,50,77,88,19,62,34,30,28,35,9,16,17,23,16,"3.7999999999999998",33,1
"2019","10",1604,507,77,945,75,35,0,0,0,1,12,0,3,2,61,2,19,3,0,0,11,1,24,1,23,137,2,13,3,37,2,16,164,5,1,14,0,24,60,1079,174,124,77,50,0,818,21,46,369,32,53,61,69,165,0,44,15,0,5,0,2,9,0,0,2,25,11,14,6,3,0,10,2,0,3,4,1,238,0,117,1,114,431,0,0,0,23,0,0,0,24,0,100,3,0,0,87,0,17,1,0,928,1,30,0,386,911,0,2,0,0,13,0,7,0,105,1,70,0,0,3,60,0,27,0,3,301,2,57,0,183,0,1,2,9,0,1,0,23,0,197,6,57,6,10,0,162,0,0,28,6,5,2,6,1,1,1,0,0,0,0,0,0,2,0,2,1,0,0,0,0,0,0,0,0,0,1,1,0,0,0,0,1,0,0,0,0,0,0,0,0,0,0,0,0,0,0,0,1,1,0,0,0,0,0,0,0,0,0,0,0,0,0,0,0,2,0,2,1,0,0,0,0,0,0,1,1,0,1,1,0,0,0,0,1,0,73.4235337741935,103.363316612903,113.066790483871,15.6184988387097,1.26224664516129,27.9335342903226,1.26224664516129,89.5717740967742,1.26224664516129,1101.3274106129,0.603478,1.62148341935484,147.191018483871,168.654266774194,42.8898571935484,1.26224664516129,7.30877106451613,21579.6604141935,1.26224664516129,1.14221067741935,0.671010483870968,164.620929193548,4.43449922580645,0.980651806451613,1418.95799003226,9.13597135483871,2.98307812903226,12.2387096774194,4.25951612903226,31.4451612903226,112.652198070281,107.712622651777,119.797167150738,95.2995924923615,132.537083408548,101.079045976829,0,0,19272,5,3,6,7,6,6,7,6,3,2,6,5,2,5,5,5,7,5,5,3,7,7,2,5,7,7,6,3,5,6,5,6,7,6,3,3,6,6,3,5,5,4,6,5,5,4,7,7,3,6,5,6,21,47,87,95,20,58,29,33,28,44,14,19,17,32,19,"3.7999999999999998",34,1
"2019","11",1361,487,80,643,151,21,0,1,0,0,3,0,4,1,20,1,21,1,0,1,3,0,21,10,38,131,0,11,0,61,13,7,301,19,4,6,0,16,88,1088,152,234,34,73,3,989,2,64,251,38,45,87,59,145,1,32,14,0,5,0,1,1,0,0,0,8,29,24,26,2,0,3,5,2,1,2,3,153,3,97,0,105,351,0,0,0,20,0,0,0,18,0,122,18,0,1,57,0,9,0,0,1176,0,12,0,331,704,0,1,0,0,3,0,7,0,64,0,44,0,1,0,46,1,24,0,11,245,2,17,0,233,1,1,0,5,0,0,0,12,5,151,167,103,1,2,0,109,0,1,28,13,10,5,9,1,0,5,0,1,0,1,0,0,1,0,2,1,0,0,0,0,0,0,0,0,0,0,1,0,0,0,0,2,0,0,0,0,0,0,0,0,1,0,0,0,0,0,0,1,0,0,0,0,0,0,0,0,0,0,0,1,0,1,0,0,1,0,2,2,0,0,0,0,0,0,1,0,0,0,1,0,0,0,0,2,0,83.5471742666667,131.662173233333,138.837328466667,18.8212677666667,1.28872323333333,32.1305024666667,1.28872323333333,92.0320374,1.28872323333333,1253.77137466667,0.479347133333333,1.69505793333333,199.683454833333,190.8566532,48.6755960333333,1.28872323333333,7.39289346666667,24589.7550498667,1.28872323333333,1.1656238,0.562297433333333,187.223274233333,4.4880797,0.942906833333333,1676.2074286,10.2562136666667,3.25537903333333,7.82666666666667,3.6019,29.3833333333333,116.427399713612,108.681626642636,127.631461684005,99.1885031214422,128.298930698285,96.0158075513042,0,0,16664,5,3,6,7,6,6,7,6,3,2,6,5,2,5,5,5,7,5,5,3,7,7,2,5,7,7,6,3,5,6,5,6,7,6,3,3,6,6,3,5,5,4,6,5,5,4,7,7,3,6,5,6,20,39,59,62,20,61,30,27,23,36,10,14,13,19,11,"3.7999999999999998",35,1
"2019","12",1540,542,89,631,278,26,0,0,0,0,6,0,3,2,18,3,52,1,0,1,8,0,15,6,27,98,0,16,1,58,23,15,202,15,0,5,0,16,71,1067,124,246,8,41,0,535,14,50,342,44,51,32,63,200,1,67,13,0,3,0,0,3,0,0,0,8,12,18,6,5,0,9,4,0,5,1,3,124,0,50,0,137,347,0,0,0,23,0,0,0,10,1,85,1,0,4,62,0,8,1,0,973,0,14,0,365,680,0,0,0,0,7,0,6,0,106,1,67,0,0,2,55,0,29,1,10,180,0,13,0,254,0,0,3,7,0,1,0,3,4,162,3,63,9,1,0,156,1,0,11,13,6,3,3,5,0,3,1,0,0,0,0,0,1,0,0,0,0,0,0,0,0,0,0,0,0,0,2,0,0,0,0,0,0,0,0,0,1,0,0,1,0,0,0,0,0,0,0,1,1,0,0,0,1,0,1,0,0,0,1,0,0,0,1,0,1,0,1,0,0,0,0,0,0,0,1,1,0,0,2,1,0,1,0,0,0,101.650478516129,141.275865806452,156.19719416129,21.0592130967742,1.31094635483871,40.8441863870968,1.31094635483871,93.1701026129032,1.31094635483871,1527.45001516129,0.39559635483871,1.80130109677419,202.06356683871,233.198564354839,59.0869840645161,1.31094635483871,7.66195664516129,29870.775513871,1.31094635483871,1.17979374193548,0.489425870967742,227.781173290323,4.54658529032258,0.920445193548387,1966.15916019355,12.2048048387097,3.70540512903226,7.19354838709677,3.07606451612903,32.9967741935484,119.29872697487,111.137162844891,131.104220041825,102.338980310725,131.089498856024,92.4622028216921,0,0,14773,5,3,6,7,6,6,7,6,3,2,6,5,2,5,5,5,7,5,5,3,7,7,2,5,7,7,6,3,5,6,5,6,7,6,3,3,6,6,3,5,5,4,6,5,5,4,7,7,3,6,5,6,19,47,59,67,20,68,30,26,24,37,10,13,13,21,9,"3.8999999999999999",36,1
"2020","01",1264,547,75,548,94,36,0,0,0,0,5,0,8,0,25,6,53,1,0,1,6,0,7,3,19,106,1,14,2,47,11,19,195,4,0,3,0,17,51,1089,120,160,12,67,0,496,13,53,328,43,41,43,78,154,0,61,13,0,3,0,0,5,0,2,2,16,14,16,13,4,0,8,12,0,3,4,3,92,4,65,0,135,379,0,0,0,16,0,0,0,15,1,92,14,0,2,56,0,8,1,1,874,2,11,0,389,589,0,1,0,0,11,0,6,0,39,0,45,0,0,1,36,0,13,0,10,215,0,4,0,302,1,0,1,7,0,0,0,7,5,125,4,93,4,0,0,175,0,1,8,9,4,1,9,1,1,4,1,0,0,0,0,0,0,0,1,1,0,1,0,0,0,0,0,2,1,0,0,1,0,0,2,0,0,0,1,0,0,1,0,1,1,0,0,0,0,0,0,0,0,0,0,0,1,0,0,1,0,0,1,0,1,0,0,0,1,0,2,2,0,1,0,0,0,0,0,2,1,0,0,2,0,0,3,0,0,100.660111548387,140.822348064516,155.894589967742,20.7849988387097,1.30919448387097,41.5680173548387,1.30919448387097,93.1392610645161,1.30919448387097,1528.31620467742,0.395652032258065,1.79718612903226,201.672950032258,233.500517870968,59.1669699032258,1.30919448387097,7.74607241935484,29880.5767828387,1.30919448387097,1.17800777419355,0.489537451612903,227.876399709677,4.51482470967742,0.919214516129032,1967.82618564516,12.1784998064516,3.6676684516129,6.97096774193548,1.41035483870968,30.958064516129,118.811698214241,113.743944964541,126.142073238145,103.696017596425,133.020279001381,89.9002095039437,0,2,10716,5,3,6,7,7,6,7,6,3,2,6,5,2,5,5,5,7,5,5,4,7,7,2,5,7,7,6,3,5,6,5,6,7,6,3,3,6,6,3,5,5,4,6,5,5,4,6,7,3,6,5,6,18,52,49,60,17,67,35,22,23,36,15,11,12,24,10,"4",37,1
"2020","02",1186,370,106,527,183,33,0,0,0,0,6,1,8,1,29,3,40,0,0,2,6,0,2,3,10,76,2,21,0,49,12,22,247,26,0,12,0,17,70,863,111,186,14,56,0,161,4,85,307,57,41,16,77,146,1,76,10,1,4,2,0,0,0,0,0,7,14,14,5,2,0,7,10,3,1,4,3,114,5,70,0,116,279,0,1,0,31,0,2,0,10,0,96,28,0,0,68,0,12,1,0,925,3,11,0,451,444,0,0,0,0,13,0,8,0,63,2,45,0,0,0,22,0,11,0,3,303,3,2,0,263,1,0,9,20,0,0,0,3,3,109,2,37,3,3,0,25,0,2,4,4,7,1,11,2,0,0,1,0,0,1,0,1,0,0,0,3,0,0,0,0,0,0,0,0,0,0,0,1,0,0,2,0,0,0,0,0,0,0,0,0,0,0,0,0,0,0,0,1,1,0,0,0,0,0,0,1,0,0,1,0,0,1,0,1,0,0,0,3,0,0,0,0,0,0,1,1,0,0,0,1,0,0,3,0,0,99.389936,142.266207931035,155.694629310345,20.3243582068966,1.29757817241379,41.1876244827586,1.29757817241379,92.6486707241379,1.29757817241379,1513.10300641379,0.394423517241379,1.79345748275862,199.504461586207,231.383773862069,19.3060866551724,1.29757817241379,7.850648,29668.0113479655,1.29757817241379,1.18897968965517,0.485495793103448,225.607436689655,4.44835562068966,0.910954172413793,1948.35098468966,12.1575219310345,3.67990893103448,7.38275862068966,2.84110344827586,41.1241379310345,110.137603592061,110.724025691086,109.289359074945,99.6925357834077,125.753564390326,88.8452458093062,0,66,9160,5,3,6,7,7,6,7,6,3,2,6,5,2,5,5,5,7,5,5,4,7,7,2,5,7,7,6,3,5,6,5,6,7,6,3,3,6,6,3,5,5,4,6,5,5,4,6,7,3,6,5,6,10,26,37,42,11,50,27,21,15,30,8,13,14,15,6,"4",38,1
"2020","03",970,210,69,503,188,38,0,1,0,0,8,0,7,0,71,4,23,0,0,3,10,1,6,0,8,91,0,6,0,40,4,8,143,1,4,7,0,3,43,448,61,64,14,24,0,153,6,53,341,30,25,17,40,150,1,41,34,1,5,1,1,2,0,1,2,28,7,28,4,1,2,1,9,6,4,1,3,148,0,66,0,168,149,0,1,0,15,0,2,0,9,0,95,1,0,0,136,0,2,1,1,349,2,32,0,564,566,0,1,0,1,14,0,6,1,79,2,36,0,0,0,81,0,9,0,4,180,0,12,0,265,1,1,3,7,1,1,0,2,0,123,12,25,6,7,0,34,2,2,2,2,6,4,7,4,0,4,1,0,0,0,1,0,0,0,0,0,1,0,0,0,0,0,0,2,0,0,0,0,0,0,0,1,1,0,0,0,0,0,0,0,0,0,0,0,0,0,0,0,0,0,0,0,0,1,0,0,0,0,1,0,0,0,1,0,0,0,0,0,1,0,0,0,0,0,0,2,0,0,0,0,1,0,0,1,1,93.0839412580645,135.754989258065,149.334375967742,19.3988286451613,1.23823774193548,40.077243516129,1.23823774193548,91.8837152903226,1.23823774193548,1443.50238551613,0.380855838709677,1.70342964516129,194.925854548387,224.257804935484,1.23823774193548,1.23823774193548,7.82135806451613,28432.7011533871,1.23823774193548,1.11923393548387,0.463352032258065,215.244395064516,4.42491561290323,0.869043064516129,1856.96165354839,11.5718008709677,3.52093712903226,7.16774193548387,1.91254838709677,34.6870967741935,93.1705055905076,107.119137491873,72.9941675035191,96.0818285953604,121.520184775365,90.6972183519796,0,89,5998,5,3,6,7,7,6,7,6,3,2,6,5,2,5,5,5,7,5,5,4,7,7,2,5,7,7,6,3,5,6,5,6,7,6,3,3,6,6,3,5,5,4,6,5,5,4,6,7,3,6,5,6,5,29,28,26,13,39,25,21,15,28,5,13,11,13,12,"4.0999999999999996",39,1
"2020","04",754,8,21,167,558,43,1,0,0,0,5,0,5,1,64,0,13,4,0,6,7,3,6,2,13,107,0,14,0,71,3,15,18,5,2,10,0,0,8,165,98,30,28,2,0,191,6,29,275,5,21,8,54,62,1,37,38,0,3,0,0,0,1,0,1,24,10,9,2,1,0,4,33,3,0,0,0,127,0,57,2,147,139,0,0,0,29,0,0,0,8,1,105,1,0,4,216,0,3,0,1,336,2,24,0,516,368,0,2,0,0,7,0,5,0,109,0,51,2,0,1,92,0,37,0,10,138,1,18,0,338,1,0,0,2,0,1,0,2,1,224,3,5,17,2,0,83,4,4,12,4,7,2,19,1,0,9,1,0,0,1,0,0,1,0,0,2,0,0,0,0,0,0,0,0,0,0,0,0,0,0,0,1,1,0,0,0,0,0,0,0,0,0,0,0,0,0,0,0,0,0,0,0,0,0,0,0,0,0,1,0,0,1,0,0,1,0,0,2,0,0,0,0,0,0,0,0,0,0,0,0,0,0,0,1,1,93.3367815,140.9515487,157.4819518,19.5452678333333,2.23337563333333,40.6314999,2.23337563333333,94.5241111,2.23337563333333,1447.15345123333,0.3848831,1.72029713333333,203.878796966667,233.853011966667,2.23337563333333,2.23337563333333,8.47233043333333,28699.4785901667,2.23337563333333,1.142343,0.4649355,215.7693153,4.43060686666667,0.871256933333333,1871.02639923333,12.2165502333333,3.58289743333333,10.5766666666667,0.686166666666667,26.2166666666667,85.0490316170515,105.207370014192,55.8905124412157,92.0855637041405,116.048811255696,97.5143183207285,0,71,1470,5,3,6,7,7,6,7,6,3,2,6,5,2,5,5,5,7,5,5,4,7,7,2,5,7,7,6,3,5,6,5,6,7,6,3,3,6,6,3,5,5,4,6,5,5,4,6,7,3,6,5,6,7,26,32,43,13,42,26,19,18,35,5,8,9,15,14,"4.0999999999999996",40,1
"2020","05",1017,10,43,221,743,55,1,1,0,0,9,0,11,0,41,2,25,2,0,6,2,1,6,3,25,115,0,16,2,48,12,34,56,0,1,4,0,3,28,519,144,98,37,1,1,156,6,47,402,12,12,46,82,86,2,29,33,0,5,0,0,0,0,1,2,21,19,24,2,1,0,2,17,0,2,1,1,147,1,75,0,106,177,0,1,0,43,0,0,0,10,0,111,2,0,1,212,0,7,1,0,315,0,23,0,465,326,0,2,0,0,11,0,11,0,86,5,101,0,0,13,63,1,22,0,21,179,1,32,0,278,0,0,8,1,0,0,0,0,2,203,4,18,3,1,0,38,0,2,18,6,6,5,22,1,0,5,1,0,0,0,0,0,2,0,4,0,0,0,0,0,0,0,0,0,0,0,1,0,0,0,0,0,0,0,0,0,0,0,0,2,0,0,0,0,0,0,0,0,0,0,0,0,0,0,0,0,0,0,1,0,0,0,0,0,2,0,6,0,0,0,0,0,0,0,0,0,0,0,1,0,0,0,0,0,0,94.0070643548387,139.607238774194,158.263204290323,19.3887269677419,17.9964337741935,41.446947,3.94220170967742,93.1172074516129,50108.4111546452,1464.01951416129,0.380222580645161,1.74266732258065,197.031384741935,230.581527387097,65.9583322258065,610.852350129032,8.52916109677419,28636.9952058065,297.999352741935,1.12640480645161,0.464584322580645,218.822757032258,4.32655490322581,0.872176612903226,1859.27307045161,12.1054607096774,3.56397619354839,12.7096774193548,0.121806451612903,26.8709677419355,91.7174653391091,108.10625664503,68.0114992942952,94.875781090858,121.213033268882,93.6332032770827,0,60,5807,5,3,6,7,7,6,7,6,3,2,6,5,2,5,5,5,7,5,5,4,7,7,2,5,7,7,6,3,5,6,5,6,7,6,3,3,6,6,3,5,5,4,6,5,5,4,6,7,3,6,5,6,11,46,39,37,11,60,30,24,19,29,4,11,10,17,13,"4.0999999999999996",41,1
"2020","06",1188,15,43,403,727,65,0,0,0,1,3,0,11,0,44,4,24,1,0,4,2,0,4,3,15,104,1,7,1,55,23,29,164,0,13,2,0,8,82,822,126,114,34,9,1,328,6,110,690,14,47,83,128,133,0,28,30,1,1,0,1,1,1,3,0,31,23,80,2,0,0,1,15,0,2,2,2,168,0,135,1,77,154,0,2,0,11,0,0,0,8,0,194,2,0,0,34,0,6,0,2,358,0,42,0,465,406,0,1,0,0,8,0,8,0,113,1,74,0,0,2,23,0,27,0,20,122,0,58,0,280,1,2,12,4,0,2,0,7,1,124,2,13,3,1,0,91,0,2,45,1,13,6,22,0,0,2,0,0,0,0,0,0,1,0,3,0,0,0,0,0,0,0,0,1,0,0,0,1,0,0,4,0,1,0,0,0,0,0,0,0,0,0,0,0,0,0,0,0,0,0,0,0,0,0,1,1,0,0,0,0,0,0,0,0,1,0,3,0,0,0,0,0,0,0,0,1,0,0,0,1,0,1,5,0,1,96.6930886666667,138.1861208,161.1141481,20.2289260666667,18.7746120666667,43.0498244333333,3.8229155,94.8149637666667,52697.3342923667,1490.4467955,0.385260266666667,1.7547149,207.2369814,232.671302166667,69.1845135333333,642.407006733333,8.53166723333333,29068.7181825333,313.264007333333,1.11195383333333,0.472240133333333,222.782676666667,4.3235869,0.8872826,1900.23661313333,12.1131629666667,4.02852313333333,15.4633333333333,1.18603333333333,25.73,99.8921663876564,111.986817734498,82.3975635948022,97.4682468498716,132.284594213459,91.2126628774175,1.53333333333333,76,6595,5,3,6,7,7,6,7,6,3,2,6,5,2,5,5,5,7,5,5,4,7,7,2,5,7,7,6,3,5,6,5,6,7,6,3,3,6,6,3,5,5,4,6,5,5,4,6,7,3,6,5,6,11,34,35,37,15,59,31,22,18,36,24,11,13,26,10,"4.2999999999999998",42,1
"2020","07",1643,97,55,380,1111,68,0,1,1,0,6,0,5,3,42,9,41,0,0,2,4,0,11,3,17,111,0,13,0,55,11,7,173,0,7,3,0,4,97,774,170,177,188,20,2,205,12,104,733,28,64,30,105,176,0,51,44,0,1,0,0,2,0,1,0,24,12,65,1,0,0,0,3,0,3,1,1,110,0,118,0,61,211,0,0,0,20,0,0,0,11,3,187,0,1,1,10,0,10,1,0,442,0,23,0,414,525,0,2,0,0,9,0,3,1,60,6,102,0,0,4,4,0,44,0,18,152,0,45,0,299,0,1,9,4,0,2,0,7,0,112,1,108,12,0,0,25,1,3,31,8,6,3,21,2,0,4,1,0,0,0,0,0,0,1,0,0,0,0,0,0,0,0,0,0,0,1,0,0,0,0,0,2,1,0,0,0,0,0,0,0,0,0,0,0,0,0,0,0,1,0,0,0,0,0,0,0,1,0,1,0,0,0,0,0,0,1,0,0,0,0,0,0,0,0,0,1,0,1,0,0,0,0,0,3,1,97.6364541290323,136.440450806452,162.647366258065,20.2765290322581,19.0069255806452,44.5747127741936,3.89290687096774,94.8958833225806,54322.5916127742,1509.86848906452,0.389239612903226,1.76307416129032,211.84632016129,235.406073645161,70.0733632903226,649.735145935484,8.70502106451613,29325.6647317097,317.145696870968,1.10566609677419,0.477725387096774,225.53779383871,4.34750625806452,0.898212258064516,1890.21796267742,12.0983623870968,3.56721912903226,16.5193548387097,1.265,24.3741935483871,102.887179091693,114.273922229413,86.4165473565575,95.8505047152972,139.966794330488,89.4906435791436,2,60,13031,5,3,6,7,7,6,7,6,3,2,6,5,2,5,5,5,7,5,5,4,7,7,2,5,7,7,6,3,5,6,5,6,7,6,3,3,6,6,3,5,5,4,6,5,5,4,6,7,3,6,5,6,14,41,42,50,15,63,30,22,19,30,47,13,14,41,13,"4.5999999999999996",43,1
"2020","08",2084,176,43,396,1469,52,0,0,1,0,10,0,12,4,24,12,37,2,0,2,0,1,11,2,15,139,1,7,0,53,21,4,230,1,0,1,0,21,83,738,243,188,123,5,2,80,32,98,786,34,36,18,58,106,2,38,50,0,2,12,0,2,0,0,1,22,26,40,9,0,0,12,4,0,1,0,0,119,0,100,0,70,235,0,0,0,34,0,0,1,6,3,192,58,0,10,5,0,18,0,0,437,0,28,0,398,528,0,0,0,0,17,0,2,0,82,8,73,1,0,9,6,0,15,0,14,158,0,31,0,318,1,2,12,0,1,0,0,12,2,129,1,28,7,1,0,16,8,5,12,5,6,7,19,1,0,8,1,0,1,0,0,0,0,0,1,0,0,0,0,0,0,0,0,1,0,0,0,0,0,0,1,0,1,0,0,0,0,0,1,1,0,0,0,0,0,1,1,1,0,0,0,0,0,0,0,0,0,0,1,0,1,0,0,0,0,1,2,0,0,0,0,0,1,1,1,1,0,0,0,0,0,0,1,0,1,101.256300290323,137.718247354839,168.561351,20.9348073870968,19.7103961290323,46.967185516129,4.06105790322581,97.9707381612903,55315.8568585161,1567.48720493548,0.401632032258065,1.80072006451613,220.830449967742,243.016761870968,72.659405516129,672.386208806452,9.55850241935484,30445.7556510968,328.895772483871,1.11055751612903,0.495308548387097,233.853330322581,4.4643585483871,0.931456225806452,1987.42715364516,12.1294509354839,3.594666,19.1129032258065,1.94603225806452,26.4258064516129,108.679955303339,119.363013520343,93.2271857476264,97.5237510960797,149.071946023128,92.1122469393933,2,55,11565,5,3,6,7,7,6,7,6,3,2,6,5,2,5,5,5,7,5,5,4,7,7,2,5,7,7,6,3,5,6,5,6,7,6,3,3,6,6,3,5,5,4,6,5,5,4,6,7,3,6,5,6,13,39,43,54,13,54,29,24,18,39,30,15,13,32,11,"4.9000000000000004",44,1
"2020","09",2599,203,77,370,1949,61,0,0,1,0,5,0,9,3,33,4,25,0,0,6,2,1,9,0,15,120,0,6,0,51,8,11,193,45,0,52,0,1,95,1127,264,195,110,0,3,92,15,112,661,39,37,54,76,123,1,61,40,0,0,0,0,1,0,0,4,14,21,54,9,0,1,5,2,0,2,1,1,126,0,133,0,51,232,0,0,0,18,0,0,0,10,2,183,1,0,1,3,0,10,0,0,489,0,23,0,426,538,0,1,0,0,11,0,5,0,84,8,63,0,0,7,5,2,28,0,2,230,1,33,0,368,0,0,7,11,0,5,0,1,5,128,3,23,5,1,0,25,14,2,8,4,4,4,11,1,0,10,0,0,0,0,0,0,0,0,0,0,0,0,0,0,0,0,0,0,0,0,1,0,1,1,0,1,0,0,0,0,0,0,0,1,1,0,0,0,0,0,1,0,1,0,0,0,0,0,0,0,0,0,0,0,0,0,0,0,0,0,1,1,0,0,0,0,0,1,0,1,0,0,1,0,1,1,0,1,0,99.5067966666667,136.248184766667,166.7791611,20.4345044666667,19.4287012,47.4482900333333,4.11576746666667,95.2257732333333,54532.3116734333,1543.70118346667,0.396250366666667,1.77143576666667,215.017090366667,239.648424466667,71.6360384333333,662.472789766667,9.77473926666667,30038.8713489667,324.2528547,1.09864023333333,0.488360533333333,230.5800591,4.43372273333333,0.918264466666667,1961.9176098,11.9438583333333,3.56409076666667,15.56,1.3562,27.7066666666667,108.316139767123,120.081702395745,91.2975553598975,98.8937550857019,152.015973992776,91.5074771858516,2,71,13434,5,3,6,7,7,6,7,6,3,2,6,5,2,5,5,5,7,5,5,4,7,7,2,5,7,7,6,3,5,6,5,6,7,6,3,3,6,6,3,5,5,4,6,5,5,4,6,7,3,6,5,6,17,43,40,55,15,56,32,20,15,38,6,15,12,18,12,"5.0999999999999996",45,1
"2020","10",1330,260,102,494,474,73,0,0,2,0,5,0,11,2,33,11,32,1,0,2,9,1,8,0,14,125,1,10,0,75,11,16,240,8,0,2,0,3,73,1115,200,118,232,5,5,115,5,104,885,23,60,82,112,128,0,50,49,0,0,0,1,1,0,0,2,20,45,85,8,9,2,11,1,1,1,0,1,120,0,103,0,53,322,1,0,0,25,0,0,0,12,6,159,2,0,0,4,1,10,1,0,481,1,38,0,449,630,0,0,0,0,5,0,5,1,93,8,73,0,0,7,0,0,15,0,9,184,0,30,0,289,1,0,19,4,0,2,0,0,13,111,4,13,24,1,2,15,1,0,14,2,8,3,19,1,0,3,0,0,0,0,0,0,0,0,1,0,0,1,0,0,1,0,0,1,0,0,0,0,0,0,1,3,0,0,0,0,0,0,0,0,0,0,0,0,0,0,1,0,0,0,0,0,0,0,1,1,0,0,0,0,0,0,0,0,0,0,1,0,0,1,0,0,1,1,0,1,0,0,0,0,0,1,2,3,0,99.7418668064516,136.774043806452,167.246713935484,20.3873959354839,19.4662327741935,48.2869007741935,4.18518470967742,95.469946,54641.2437047419,1546.59740106452,0.396996612903226,1.77522067741935,211.343459903226,239.301225322581,71.7376551290323,664.898317709677,10.3171260645161,30081.4133974516,324.897197870968,1.10285638709677,0.489342096774194,231.044444064516,4.40410703225806,0.920096419354839,1965.46797645161,11.9480809354839,3.57660122580645,11.758064516129,4.9731935483871,34.0225806451613,111.1977438395,122.117319976393,95.4028571823368,103.429749569506,150.993847554134,90.8397397406339,2,77,17513,5,3,6,7,7,6,7,6,3,2,6,5,2,5,5,5,7,5,5,4,7,7,2,5,7,7,6,3,5,6,5,6,7,6,3,3,6,6,3,5,5,4,6,5,5,4,6,7,3,6,5,6,27,25,42,44,11,49,26,19,15,33,8,14,13,17,19,"5.0999999999999996",46,1
"2020","11",1668,172,68,667,761,55,0,0,0,0,5,1,41,0,37,8,44,0,0,3,3,0,18,1,12,98,0,2,0,51,13,7,126,2,1,0,0,1,74,715,165,170,160,3,0,39,5,89,520,26,29,19,97,99,0,22,35,0,1,2,0,1,0,5,2,19,31,87,11,2,0,5,0,0,7,3,5,105,0,88,0,61,302,0,0,0,16,4,13,0,9,1,129,3,0,1,1,2,1,1,0,481,0,14,0,416,577,0,2,0,0,10,0,131,0,112,3,95,0,1,7,1,2,34,0,6,147,0,9,0,261,1,0,14,5,0,2,0,0,7,90,5,18,16,7,0,13,0,0,12,2,1,4,31,0,0,4,0,0,0,0,0,0,0,0,1,2,0,0,0,0,0,0,0,0,0,0,0,0,0,0,0,2,0,0,0,0,0,0,0,1,0,0,0,0,0,0,2,0,1,0,0,0,0,0,0,0,0,0,0,0,0,0,0,0,0,0,2,2,0,0,0,0,0,2,0,1,0,0,0,0,0,0,0,2,0,101.704575766667,138.100086666667,170.120622133333,20.6818362,19.8192202333333,50.0393174666667,4.38404206666667,98.0754943,55636.4826481333,1574.389392,0.4039385,1.79674666666667,210.5493864,244.289325166667,73.0807717,677.6515501,10.5207224333333,30612.2470914333,330.773939166667,1.115541,0.4981994,235.235957833333,4.4379563,0.936755733333333,2001.6146844,12.067089,3.62935073333333,10.1533333333333,1.05763333333333,28.9033333333333,115.064257828697,124.859693486303,100.89541152644,106.708659321411,158.157983355345,89.6271713304261,2,87,20335,5,3,6,7,7,6,7,6,3,2,6,5,2,5,5,5,7,5,5,4,7,7,2,5,7,7,6,3,5,6,5,6,7,6,3,3,6,6,3,5,5,4,6,5,5,4,6,7,3,6,5,6,27,24,29,43,12,52,23,19,15,26,6,16,10,20,9,"5.2000000000000002",47,1
"2020","12",1397,260,139,789,209,60,1,0,0,0,6,0,25,0,32,6,34,1,0,1,2,0,8,0,21,144,1,12,0,51,9,24,128,4,0,4,0,0,76,920,210,161,102,7,0,81,11,105,481,54,46,42,93,88,1,60,28,0,1,2,0,1,0,1,1,19,13,66,13,0,0,5,0,1,2,1,4,127,0,139,0,77,229,0,0,0,20,0,5,0,17,0,181,0,0,2,1,0,11,0,1,430,0,27,0,328,607,0,2,0,0,15,0,100,0,71,1,66,0,0,7,3,2,23,0,24,224,2,8,0,240,0,6,9,5,0,2,0,0,6,114,1,29,20,2,0,19,0,1,13,2,6,1,27,1,0,3,0,0,0,0,0,0,0,0,0,1,0,0,0,0,0,0,0,0,0,0,1,0,0,0,0,1,0,0,1,0,0,0,0,0,0,0,0,0,0,0,0,0,0,0,0,0,0,0,1,1,0,0,0,0,1,0,0,0,0,0,0,1,0,0,0,0,0,0,0,0,0,0,1,0,0,1,1,1,0,103.654001451613,136.495047645161,176.671740516129,21.1001064516129,20.1743807741935,52.0583599032258,4.43051361290323,99.0629281290323,56629.1557063226,1697.404294,0.409821774193548,1.80862503225806,215.566476967742,251.73626883871,74.3383381935484,689.755465806452,10.3585012903226,31088.7888664194,336.632299935484,1.10491829032258,0.507078290322581,239.439865806452,4.36465261290323,0.953462709677419,2037.94279064516,12.0819522258065,3.63326035483871,6.50645161290323,2.96412903225806,32.3709677419355,125.071304430424,129.618446917066,118.493979515052,107.530873867089,180.073386938995,93.0537024230984,2.25806451612903,84,10686,5,3,6,7,7,6,7,6,3,2,6,5,2,5,5,5,7,5,5,4,7,7,2,5,7,7,6,3,5,6,5,6,7,6,3,3,6,6,3,5,5,4,6,5,5,4,6,7,3,6,5,6,28,29,29,37,19,51,32,20,17,33,15,14,12,25,10,"5.0999999999999996",48,1
"2021","01",606,83,48,251,224,60,0,0,0,1,6,1,28,0,27,3,14,0,0,3,2,0,14,1,33,153,1,6,0,54,17,6,167,3,6,11,0,6,79,889,275,150,118,7,0,113,5,73,378,63,43,28,50,121,0,166,35,0,1,0,0,2,1,7,0,14,9,61,5,0,0,12,0,0,4,0,1,107,0,123,0,48,265,0,1,0,34,0,2,0,14,1,118,0,0,0,0,1,6,0,1,464,1,20,0,336,657,0,5,0,0,4,0,111,0,50,2,44,0,0,5,1,0,19,0,14,195,0,9,0,161,1,0,19,10,0,2,0,1,4,88,1,27,30,0,0,49,0,0,18,2,13,5,121,4,0,6,1,1,0,0,0,0,0,0,0,1,1,0,0,0,0,0,0,0,0,1,1,1,2,0,0,0,0,0,0,0,0,0,0,3,0,0,0,0,0,0,1,0,0,0,0,0,0,0,0,0,0,0,1,1,0,0,0,0,0,0,3,1,1,0,0,0,0,1,0,0,0,1,1,1,2,0,0,0,0,105.488861870968,138.487507967742,180.922004064516,21.4364241935484,20.4645401935484,53.7706304193548,4.50632235483871,99.7423113225806,57448.8453542258,1994.87700335484,0.413680064516129,6.69516364516129,219.103735870968,261.248445290323,73.1529649032258,699.706179645161,10.0976336451613,31512.9103331935,341.598780548387,1.12130603225806,0.514383548387097,243.077115548387,4.40939109677419,0.967249451612903,2069.18106232258,12.1503729354839,3.68097038709677,4.16774193548387,2.46064516129032,30.5483870967742,136.730518797096,135.544356243593,138.446272490708,113.402377759076,189.541045671626,106.034510890382,3,71,7338,5,3,6,7,7,6,7,6,4,2,6,5,2,6,5,5,7,5,5,4,7,7,2,5,7,7,6,3,5,6,5,6,7,6,3,4,6,6,3,5,5,4,6,5,5,4,6,7,3,6,6,6,22,30,30,40,14,55,32,19,17,42,88,12,14,80,16,"5.0999999999999996",49,0
"2021","02",794,75,54,357,308,62,1,0,3,0,5,0,26,3,23,5,26,2,1,3,0,1,14,2,25,161,1,2,0,27,17,5,211,18,3,1,0,33,86,869,247,116,111,10,0,100,1,98,382,48,31,29,57,105,0,119,32,1,1,16,0,0,0,3,0,33,20,65,7,1,0,5,1,0,2,1,1,109,0,112,0,62,319,1,0,0,16,0,3,0,12,1,140,0,0,1,1,0,16,0,2,472,2,13,0,311,574,0,0,0,0,7,0,107,0,30,0,57,0,0,5,1,2,29,0,17,175,0,2,0,301,1,0,12,15,0,0,0,3,15,76,20,23,10,0,0,40,0,3,15,2,9,1,17,3,0,7,0,0,0,0,0,0,0,0,1,1,0,0,0,0,0,0,1,0,0,0,0,0,0,0,0,0,0,0,0,0,1,0,0,2,0,0,0,0,0,0,0,0,0,0,0,0,0,0,0,0,0,0,0,0,0,0,1,0,0,0,3,1,0,0,0,0,0,0,1,0,0,0,0,0,0,0,0,0,0,107.258952214286,141.833484535714,184.417214678571,21.7337449285714,20.8072262142857,55.2371857857143,4.59733146428571,101.014365321429,58406.9166824286,2026.33783078571,0.419844535714286,6.18608467857143,221.080124392857,269.892624892857,343.470467214286,711.310508392857,9.85553753571429,31924.0494476429,342.431735392857,1.14694867857143,0.523035392857143,246.95622925,4.54181771428571,0.983364321428571,2102.40531675,12.4060482142857,3.76326353571429,5.47142857142857,0.724321428571429,30.6428571428571,137.808975950498,137.908575093829,137.664908345644,116.126424954016,192.655420372606,132.054739474429,3,79,9303,5,3,6,7,7,6,7,6,4,2,6,5,2,6,5,5,7,5,5,4,7,7,2,5,7,7,6,3,5,6,5,6,7,6,3,4,6,6,3,5,5,4,6,5,5,4,6,7,3,6,6,6,17,30,33,39,16,48,32,16,17,41,100,27,15,78,14,"4.9000000000000004",50,0
"2021","03",1351,74,81,365,831,74,0,0,0,0,5,0,18,1,32,5,33,1,0,3,1,0,18,0,27,144,0,1,0,40,15,7,215,24,2,2,0,11,78,800,197,150,76,34,0,531,1,94,375,82,45,54,47,152,0,84,19,3,1,0,0,1,0,0,2,20,15,65,2,1,1,14,1,0,6,0,3,90,0,79,0,55,248,1,0,0,7,0,1,0,9,0,99,2,0,2,5,0,17,0,0,470,2,9,0,408,642,0,1,0,0,4,0,123,0,17,2,62,0,0,3,1,0,31,0,10,157,0,10,0,398,2,1,11,7,0,5,0,0,4,129,7,30,9,4,0,329,0,0,16,1,5,3,12,2,0,23,1,0,1,0,0,0,0,0,0,0,0,0,0,0,0,0,1,1,0,0,0,0,0,0,0,1,0,0,0,0,2,0,0,0,0,0,0,0,0,0,0,0,0,0,1,0,0,0,1,1,0,1,1,0,1,0,2,0,0,0,0,0,0,0,0,0,0,0,1,1,0,1,0,0,0,1,1,1,1,107.327707032258,143.608391064516,184.835754483871,21.7614465806452,20.7876571290323,56.0870316451613,4.62341667741936,100.853380774194,58350.4979776129,2024.18195080645,0.419035580645161,6.22880603225806,216.354505,273.433331645161,526.739239064516,1008.1211863871,10.6678750645161,31938.840010871,346.949161064516,1.16454170967742,0.522469064516129,246.65724283871,4.59611635483871,0.982502322580645,2107.25821193548,12.4794602580645,3.81583829032258,6.92903225806452,0.693451612903226,28.0483870967742,140.863730997543,139.983786357102,142.136548338262,118.85095711212,198.608740682225,151.385260077247,3,85,8997,5,3,6,7,7,6,7,6,4,2,6,5,2,6,5,5,7,5,5,4,7,7,2,5,7,7,6,3,5,6,5,6,7,6,3,4,6,6,3,5,5,4,6,5,5,4,6,7,3,6,6,6,18,37,36,48,19,50,27,19,17,35,2,13,12,16,10,"4.9000000000000004",51,0
"2021","04",1132,46,53,283,750,117,2,0,1,0,4,0,31,1,54,3,40,2,0,2,3,0,14,2,14,128,2,3,0,35,18,6,262,352,3,1,0,37,113,520,314,174,72,10,1,94,2,84,320,35,40,15,47,101,0,27,22,1,0,1,1,0,0,5,4,23,12,67,9,3,0,9,7,0,5,3,2,77,0,93,0,31,276,0,0,0,8,0,8,0,7,2,188,8,0,1,0,1,15,2,0,342,2,6,0,329,739,1,0,0,0,9,0,46,0,18,5,95,1,0,12,3,1,29,0,22,178,3,12,0,282,1,3,9,1,1,1,0,6,4,238,5,28,20,2,0,10,0,11,15,2,10,3,5,1,0,14,0,0,0,0,0,0,0,0,2,1,0,0,0,0,0,0,0,0,0,0,0,0,0,0,0,1,0,0,0,1,1,0,0,0,0,1,1,0,0,0,0,0,0,0,0,0,0,0,1,0,0,0,0,0,0,1,1,0,0,0,2,1,1,1,0,0,0,0,0,0,0,0,0,0,0,1,0,1,0,107.511134966667,142.5585543,183.742461266667,21.7107992333333,20.7543961666667,57.6079186,4.75212196666667,103.035806033333,58251.0121426667,2019.54188973333,0.417145633333333,6.23345276666667,211.901139833333,273.465934433333,527.8892716,1739.9068767,11.3209516333333,31872.9247907,346.38891,1.1567038,0.521553066666667,246.197041566667,4.5379301,0.980917333333333,2096.9539325,12.3889202,3.82235056666667,6.44666666666667,0.3256,27.0533333333333,145.07003950811,146.367211015146,143.193714211993,124.824253169642,208.124387674345,158.967339862708,3,85,8355,5,3,6,7,7,6,7,6,4,2,6,5,2,6,5,5,7,5,5,4,7,7,2,5,7,7,6,3,5,6,5,6,7,6,3,4,6,6,3,5,5,4,6,5,5,4,6,7,3,6,6,6,22,44,41,53,19,45,26,21,19,39,4,14,10,15,13,"4.9000000000000004",52,0
"2021","05",2129,74,69,359,1627,62,0,1,0,0,0,0,21,0,55,10,53,6,0,1,1,0,18,0,17,154,0,6,0,28,17,14,175,69,0,6,0,12,65,311,468,129,82,41,3,122,6,83,452,10,21,56,56,130,0,43,51,0,0,0,0,3,0,2,2,10,9,147,35,0,0,10,3,0,1,1,2,86,0,76,0,27,331,0,0,0,3,0,1,0,7,2,240,96,0,12,1,1,20,0,2,348,1,22,0,290,924,0,1,0,0,8,0,14,0,26,8,180,1,0,5,1,1,32,0,19,170,1,18,0,151,1,0,5,0,0,0,0,0,0,178,10,45,100,2,0,20,0,4,22,1,10,2,11,4,0,0,1,0,0,0,0,0,2,0,2,1,0,0,0,0,0,0,0,1,0,1,2,0,0,0,0,0,1,0,0,0,0,0,0,1,0,0,0,0,0,0,0,0,0,0,0,1,0,0,1,0,0,0,1,0,0,0,0,0,2,0,3,1,0,0,0,0,0,0,0,1,0,1,3,0,0,1,0,0,1,109.517445225806,142.681284225806,187.655561129032,22.0562015483871,21.1182831290323,60.029016516129,4.74854435483871,103.035459,59272.7735976129,2056.00448664516,0.423565483870968,6.28736290322581,215.771806483871,277.784515419355,571.832212193548,1770.37193129032,11.8101329354839,32443.7272912903,352.12110416129,1.15893148387097,0.530553903225806,250.579354548387,4.58790393548387,0.998085290322581,2140.96568054839,12.4632946129032,3.8440494516129,10.5645161290323,1.51270967741935,28.0064516129032,154.791655112804,154.953552775486,154.557474298451,130.031782769756,229.07054826365,161.769746667279,3,69,13442,5,3,6,7,7,6,7,6,4,2,6,5,2,6,5,5,7,5,5,4,7,7,2,5,7,7,6,3,5,6,5,6,7,6,3,4,6,6,3,5,5,4,6,5,5,4,6,7,3,6,6,6,24,40,38,63,18,47,29,20,20,44,31,42,18,52,39,"4.7000000000000002",53,0
"2021","06",2766,136,47,406,2177,63,0,0,0,0,3,0,19,0,32,7,40,3,0,3,1,0,21,2,20,121,1,4,0,37,16,11,111,17,0,2,0,6,60,868,182,114,154,3,2,225,12,74,564,75,53,15,61,137,0,20,78,2,0,0,0,1,0,5,1,21,12,112,5,1,1,8,0,0,1,1,1,50,0,85,0,48,327,0,2,0,6,0,4,0,11,2,243,5,0,1,3,0,22,1,0,598,2,9,0,289,1028,0,0,0,0,3,0,32,0,25,5,120,3,0,6,8,0,32,0,15,130,0,27,0,154,2,2,20,1,0,0,0,1,5,71,16,27,11,2,0,134,0,0,25,3,5,3,22,1,0,4,0,0,0,0,0,0,0,0,2,0,0,0,0,0,0,0,0,0,0,0,0,1,0,0,0,1,0,0,0,0,0,0,0,1,0,0,0,0,0,0,0,0,2,0,0,0,0,0,0,0,0,0,0,0,0,0,0,0,0,0,3,0,0,0,0,0,0,0,0,2,0,0,0,1,0,0,0,1,0,110.2646194,142.916489566667,187.547518233333,21.9541657333333,21.0220781333333,60.9528129,4.41991663333333,103.158264166667,59007.3710627,2046.02908863333,0.4217635,6.27113296666667,219.164496366667,278.0886657,609.7195964,1762.51937206667,12.1008860333333,32248.4987491667,350.439228333333,1.16429076666667,0.528242266666667,249.480131266667,4.5593525,0.993502,2132.77579253333,12.4232220333333,3.85251516666667,15.5933333333333,2.4729,21.65,160.343323964529,153.048471334084,170.895141089492,124.160967491052,237.387094675019,175.9987049728,3,84,14624,5,3,6,7,7,6,7,6,4,2,6,5,2,6,5,5,7,5,5,4,7,7,2,5,7,7,6,3,5,6,5,6,7,6,3,4,6,6,3,5,5,4,6,5,5,4,6,7,3,6,6,6,25,41,49,78,25,36,30,22,19,37,34,100,39,100,88,"4.5999999999999996",54,0
"2021","07",4287,187,54,534,3512,38,0,0,1,1,0,0,27,0,34,10,50,2,0,2,6,0,13,0,21,124,0,8,0,25,8,8,118,26,0,1,0,23,54,1002,327,70,34,17,0,197,7,73,415,97,29,23,50,147,0,26,77,0,0,1,0,1,0,3,0,18,11,86,2,0,0,6,3,0,2,2,4,51,1,62,0,47,256,0,0,0,13,0,4,0,9,1,210,8,0,4,3,0,19,0,0,585,0,12,0,299,679,0,0,0,0,9,0,54,0,21,6,131,0,1,12,7,0,26,0,41,175,0,14,0,226,1,0,27,0,0,0,0,3,2,83,60,21,13,2,0,81,0,1,25,2,3,1,42,5,1,3,1,0,0,0,0,0,0,0,3,1,0,0,0,0,0,0,0,3,0,0,0,1,0,1,2,0,1,0,2,0,0,0,0,1,0,1,0,0,0,0,1,0,2,0,0,0,0,0,1,1,0,0,1,0,2,0,0,0,0,0,4,1,1,0,0,0,0,1,0,5,0,0,0,1,0,2,3,0,1,110.507650419355,142.884600483871,185.940009935484,21.6693791612903,20.7263662903226,60.8685299032258,4.31210009677419,102.949471483871,58207.6517729677,2015.12492383871,0.415796870967742,6.2339205483871,221.020962193548,275.133646709677,619.012847,1737.28582835484,11.8738749677419,31764.3719660645,345.65535683871,1.16808203225806,0.520916064516129,245.815149935484,4.51941348387097,0.979552903225806,2100.48676732258,12.3507900322581,3.84797790322581,16.8838709677419,1.68090322580645,23.4032258064516,164.61883911581,153.05204076395,181.349916097512,124.815585381344,238.781037032482,170.866055373823,3,86,21091,5,3,6,7,7,6,7,6,4,2,6,5,2,6,5,5,7,5,5,4,7,7,2,5,7,7,6,3,5,6,5,6,7,6,3,4,6,6,3,5,5,4,6,5,5,4,6,7,3,6,6,6,100,46,59,69,23,30,30,23,19,45,46,19,17,63,17,"4.4000000000000004",55,0
"2021","08",3913,301,55,504,3053,70,0,0,1,1,2,0,26,0,25,8,42,2,0,2,3,0,14,1,27,122,0,7,0,53,8,6,73,11,3,2,0,9,32,881,156,69,32,7,1,284,10,48,439,39,43,25,58,108,0,32,55,0,0,13,0,0,0,13,0,26,5,151,6,0,0,4,1,0,1,3,10,47,0,67,0,38,94,0,1,0,13,0,14,0,18,1,325,8,0,7,2,0,18,0,2,496,0,15,0,276,381,0,0,0,5,6,0,103,0,20,6,172,0,0,10,8,0,48,0,12,143,0,18,0,189,0,2,5,0,0,1,0,0,0,84,5,11,10,1,0,86,2,5,28,1,1,4,9,2,0,2,0,0,1,0,0,0,0,0,1,0,0,0,0,0,0,0,0,0,0,0,0,0,0,0,1,0,0,0,0,0,0,0,0,0,0,0,0,0,0,1,1,0,0,0,0,0,0,0,0,0,0,0,0,0,1,0,0,0,0,0,1,0,0,0,0,0,1,1,0,0,0,0,0,0,0,0,1,0,0,114.599868451613,142.434139354839,186.463042741935,21.6448468064516,20.6861955806452,62.2112203225806,4.275033,102.170673580645,58138.2041777097,2011.99806190323,0.415298258064516,6.23429864516129,227.114408,275.079930322581,614.302724387097,1733.70306803226,11.6905839677419,31501.4832743871,345.097660322581,1.17185580645161,0.520423129032258,245.44884083871,4.44556935483871,0.977888967741935,2088.29796877419,12.3662419354839,3.84401964516129,16.2774193548387,1.79451612903226,25.8451612903226,162.987735857993,148.594961403431,183.806514750323,126.919242877692,212.235540572793,170.345075139409,3,76,24363,5,3,6,7,7,6,7,6,4,2,6,5,2,6,5,5,7,5,5,4,7,7,2,5,7,7,6,3,5,6,5,6,7,6,3,4,6,6,3,5,5,4,6,5,5,4,6,7,3,6,6,6,59,45,46,67,21,35,34,21,19,44,19,22,14,36,16,"4.2999999999999998",56,0
"2021","09",5486,365,59,460,4602,40,1,0,1,0,1,0,32,2,19,11,27,1,0,1,3,1,11,3,21,145,0,8,0,39,27,5,63,27,0,2,0,4,43,694,217,62,54,7,0,86,24,58,368,17,51,23,62,126,0,58,25,0,2,2,0,1,0,9,0,18,4,120,10,0,0,4,0,1,1,3,5,49,0,94,0,53,17,0,0,0,8,0,7,0,8,1,299,2,0,0,5,3,11,0,0,462,0,9,0,322,37,0,0,0,0,6,0,52,0,19,5,178,2,0,4,3,0,36,0,11,117,0,15,0,184,0,1,8,2,0,0,0,1,5,64,2,4,6,0,0,15,0,15,17,2,8,4,4,2,0,24,0,0,0,0,0,0,0,1,2,0,0,0,0,0,0,0,0,1,0,0,0,0,0,0,0,2,0,0,1,0,1,0,0,1,1,0,0,0,0,0,0,0,0,0,0,0,0,0,0,0,0,0,0,0,1,0,1,0,0,1,3,1,0,0,0,0,0,0,0,1,0,0,0,0,0,0,0,2,0,119.071299833333,141.840669033333,187.240946466667,21.5782689333333,20.6087992666667,63.2698800333333,4.26907423333333,101.0939673,57966.7771317667,2004.9844849,0.413866566666667,6.20964403333333,231.385981566667,274.345725833333,607.160544866667,1727.31131876667,11.7716419666667,31288.2608466333,344.529129933333,1.1674356,0.5184215,244.5177859,4.40344113333333,0.974463466666667,2086.3447806,12.3179616666667,3.83851303333333,16.75,0.649366666666667,24.5333333333333,171.241055307074,142.455194527429,212.879064204438,123.579747347297,191.430068418133,178.146971772756,3,55,26779,5,3,6,7,7,6,7,6,4,2,6,5,2,6,5,5,7,5,5,4,7,7,2,5,7,7,6,3,5,6,5,6,7,6,3,4,6,6,3,5,5,4,6,5,5,4,6,7,3,6,6,6,41,49,43,70,16,41,38,19,16,50,22,17,13,33,12,"4.2000000000000002",57,0
"2021","10",3745,394,52,572,2727,50,0,0,3,0,0,1,27,1,20,6,33,1,0,1,6,0,3,0,21,140,0,5,0,38,15,15,70,44,0,0,0,10,51,853,272,104,60,16,0,106,15,92,501,99,125,10,70,115,0,23,13,0,0,5,0,1,0,8,1,11,6,52,7,0,0,6,1,0,3,0,3,84,2,82,0,52,19,0,2,0,6,0,29,0,8,1,214,0,0,2,1,1,17,0,0,407,0,8,0,353,74,0,0,0,0,2,0,42,0,21,4,123,0,0,4,4,0,32,0,6,104,0,13,0,207,0,1,4,1,0,0,0,0,9,65,2,10,7,1,0,16,0,1,18,4,4,2,0,1,1,4,0,0,1,0,0,0,0,0,3,1,1,0,0,0,0,0,0,2,0,0,1,0,0,1,0,1,0,0,0,0,1,0,0,0,0,0,0,0,0,0,1,0,0,0,0,0,0,0,1,0,0,0,0,0,1,0,1,0,0,0,3,1,1,0,0,0,0,1,0,2,0,0,1,0,0,2,0,1,0,123.19395816129,143.450079032258,187.734154516129,21.4859166451613,20.5143292903226,63.9596532903226,4.28505909677419,102.449991612903,57728.8560198387,1995.9920673871,0.412985161290323,6.22551409677419,235.128869580645,274.587314774194,602.715448322581,1719.25191009677,12.6437075806452,31133.8916633548,342.203653096774,1.17972138709677,0.516142870967742,243.408636387097,4.391956,0.970011677419355,2081.95867535484,12.3826007741935,3.863364,12.7225806451613,3.36196774193548,29.5548387096774,191.012919415505,145.766465251848,256.460754221011,125.242929991324,196.475390059379,223.036569270997,3,60,24867,5,3,6,7,7,6,7,6,4,2,6,5,2,6,5,5,7,5,5,4,7,7,2,5,7,7,6,3,5,6,5,6,7,6,3,4,6,6,3,5,5,4,6,5,5,4,6,7,3,6,6,6,43,47,44,66,19,53,34,20,19,39,25,36,13,39,11,"4.0999999999999996",58,0
"2021","11",7855,313,52,519,6971,56,1,0,5,0,2,0,39,0,20,11,15,1,0,0,3,0,7,1,23,151,0,2,0,37,16,11,44,22,1,0,0,27,57,681,232,157,38,17,0,97,12,132,289,74,124,24,78,203,0,37,7,0,0,1,0,1,0,24,0,27,4,42,6,0,1,1,1,1,2,1,3,72,2,77,0,74,28,0,0,0,10,0,16,0,14,0,123,0,0,1,1,4,16,0,0,342,0,10,0,396,59,0,0,0,0,6,0,62,0,18,2,79,0,0,4,2,0,28,0,7,155,1,8,0,186,0,0,5,0,0,0,0,0,4,77,1,6,13,0,0,24,0,0,14,1,6,2,4,1,0,1,0,0,0,0,1,0,0,0,2,1,0,0,0,0,0,0,0,0,0,0,1,0,0,0,0,1,0,0,0,0,0,0,0,1,0,0,0,0,0,0,0,0,1,0,0,0,0,0,0,0,0,0,0,0,0,0,1,0,0,0,3,1,0,0,0,0,0,0,0,1,0,0,1,0,0,0,0,1,0,124.569657466667,143.760589466667,186.053247066667,21.1187135333333,20.1517609,63.8265954666667,4.21396473333333,100.053772366667,56761.4974688,1960.45299673333,0.4068315,6.1546005,232.8798092,271.432307766667,579.936257133333,2359.4389008,14.5212630666667,30475.9128303333,336.188849933333,1.17855153333333,0.5073268,239.153625633333,4.19390716666667,0.9531302,2047.84183986667,12.3067130333333,3.83595093333333,8.48333333333333,2.0904,27.2833333333333,182.504525758145,145.740094814429,235.683331646882,127.161504783048,180.057244334368,263.032770174824,3,90,23612,5,3,6,7,7,6,7,6,4,2,6,5,2,6,5,5,7,5,5,4,7,7,2,5,7,7,6,3,5,6,5,6,7,6,3,4,6,6,3,5,5,4,6,5,5,4,6,7,3,6,6,6,34,34,40,47,28,58,27,21,19,33,18,13,12,34,17,"4",59,0
"2021","12",2775,513,41,451,1770,66,0,1,0,0,4,0,41,1,20,5,25,2,0,0,0,0,6,0,40,171,0,4,0,25,17,6,39,26,0,2,0,11,52,806,156,112,27,25,2,69,25,87,484,68,132,28,79,153,0,23,12,0,0,1,0,1,0,35,0,25,6,50,3,0,0,4,7,0,3,2,3,93,1,75,0,48,30,0,0,0,9,0,14,0,18,1,163,0,0,0,6,1,16,0,2,330,1,6,0,448,55,0,0,0,0,12,0,53,0,18,4,74,2,0,2,1,1,31,0,8,121,0,6,0,148,0,0,1,1,0,0,0,0,6,64,2,19,7,0,0,7,1,5,19,2,3,13,5,2,0,1,0,0,0,0,0,0,0,0,1,0,1,0,0,0,0,0,0,0,0,0,0,0,0,0,0,1,0,0,0,0,0,0,0,0,1,0,0,0,0,0,1,0,1,0,0,0,0,0,0,0,0,0,0,0,0,0,0,0,0,0,1,1,1,0,0,0,0,1,0,1,0,0,0,0,0,0,0,1,0,135.564088774194,142.163678322581,184.911185419355,20.9074094193548,19.9510553548387,72.359627483871,4.11983706451613,100.301081516129,56210.1992096774,1942.0052303871,0.403510419354839,6.12128303225806,236.151486645161,269.283890096774,581.986247387097,3341.68820532258,17.8754321612903,30479.6456252903,332.828611129032,1.17713780645161,0.502117258064516,236.814963354839,4.16786387096774,0.943669612903226,2020.80157890323,12.3106824193548,3.82711664516129,7.23548387096774,2.35945161290323,30.2612903225806,186.093871623357,148.832815909614,239.991032497251,130.178195934656,190.583962763804,267.594530904016,2.01290322580645,100,17127,5,3,6,7,7,6,7,6,4,2,6,5,2,6,5,5,7,5,5,4,7,7,2,5,7,7,6,3,5,6,5,6,7,6,3,4,6,6,3,5,5,4,6,5,5,4,6,7,3,6,6,6,33,49,52,54,38,67,35,25,20,50,13,16,14,20,7,"4",60,0
"2022","01",2071,327,28,377,1339,79,0,0,0,0,3,0,29,0,44,14,26,1,0,0,6,1,15,1,29,144,0,3,0,24,41,9,35,16,1,5,0,3,46,638,289,84,39,13,0,111,20,57,381,43,201,32,63,184,1,19,17,0,0,3,0,0,0,10,0,45,3,56,4,0,0,2,1,0,3,1,8,81,0,64,0,54,32,1,0,0,4,0,14,0,19,0,158,1,0,1,4,6,14,0,1,449,0,6,0,578,88,0,0,0,0,4,0,54,0,18,2,59,0,0,1,4,0,40,0,6,143,1,4,0,183,1,1,1,5,0,0,0,0,1,84,1,10,15,0,0,43,1,2,17,2,3,6,7,2,0,3,1,0,0,0,0,0,1,0,0,2,0,0,0,0,0,0,0,1,1,0,0,1,1,0,0,0,0,0,0,0,2,0,0,1,0,0,0,0,0,0,0,1,0,0,0,0,0,0,0,0,0,0,1,0,0,0,2,0,1,0,1,2,0,0,0,0,0,0,1,1,1,0,0,1,1,0,0,0,0,141.610292935484,145.201117032258,189.258349322581,21.2906767096774,20.3173116451613,67.1679432258065,4.16987125806452,100.838521741935,57239.3507765161,1976.53718167742,0.410453483870968,6.21662880645161,239.118228967742,274.330042612903,593.691831580645,3402.54340103226,18.328983,30752.4412800968,338.955058709677,1.19708416129032,0.511018935483871,240.888676645161,4.2481525483871,0.960881483870968,2047.45544212903,12.5829998387097,3.90926858064516,5.60322580645161,0.835064516129032,25.1612903225806,191.638048903216,157.251452423011,241.377378261931,136.010469894143,208.893385399513,294.977633912047,1,47,15080,7,3,6,7,7,6,7,5,4,2,7,5,2,6,5,5,7,5,5,4,7,7,3,5,7,7,6,3,5,6,5,6,7,6,3,4,6,6,3,5,5,4,6,5,5,4,6,7,3,6,6,6,33,55,49,60,33,82,41,24,19,49,14,17,11,16,7,"3.7999999999999998",61,0
"2022","02",840,306,28,363,143,59,0,0,0,0,4,0,26,0,54,6,28,0,0,0,2,1,2,0,21,108,0,4,0,31,45,14,42,42,0,3,0,2,83,747,175,49,33,16,4,79,9,58,431,37,145,29,67,268,4,18,24,0,0,6,0,1,0,5,0,38,8,47,6,0,0,1,1,0,2,0,11,62,0,70,0,49,39,0,1,0,4,0,3,0,17,1,137,0,0,0,1,1,20,0,0,408,0,5,0,366,73,0,2,0,0,7,0,38,0,15,1,45,0,0,3,4,0,46,0,13,109,0,3,0,165,1,0,0,7,0,0,0,2,2,193,1,7,8,0,0,4,0,2,11,2,1,21,3,0,0,2,1,0,0,0,0,0,0,0,0,0,0,0,0,0,0,0,0,0,0,0,0,0,0,0,0,0,0,0,0,0,0,0,0,1,0,0,0,0,0,0,0,0,0,0,0,0,0,0,0,0,1,0,1,0,0,0,0,0,0,0,1,0,0,0,0,0,0,0,0,0,0,0,0,0,0,0,0,1,0,126.138818107143,144.764585607143,190.262467821429,21.26685275,20.2841939285714,68.2875676428571,4.05769271428571,101.405271571429,57142.6321372143,1973.49386939286,0.409683,6.20755789285714,237.505289678571,273.786600607143,599.370072285714,3396.79164378571,18.4588243214286,30756.6382740357,338.39864975,1.19290471428571,0.510295178571429,240.585832892857,4.34906578571429,0.959522678571429,2047.08723817857,12.6967219642857,3.89433485714286,7.34285714285714,1.03471428571429,37.3107142857143,203.000167921838,163.560688613159,260.048362621765,142.599063260272,216.644608606782,299.10111672467,1,35,13561,7,3,6,7,7,6,7,5,4,2,7,5,2,6,5,5,7,5,5,4,7,7,3,5,7,7,6,3,5,6,5,6,7,6,3,4,6,6,3,5,5,4,6,5,5,4,6,7,3,6,6,6,34,51,54,59,37,73,42,23,18,47,11,16,13,21,11,"3.7000000000000002",62,0
"2022","03",3944,422,23,433,3066,69,0,0,0,0,5,1,32,0,42,14,25,5,0,1,4,0,9,0,25,153,0,4,0,41,11,20,30,19,1,1,0,2,50,704,142,85,30,18,1,66,10,96,334,71,175,25,61,233,2,46,24,0,0,1,0,0,1,5,4,52,5,53,6,0,0,6,10,0,2,0,4,64,1,96,0,56,33,0,0,0,12,0,2,0,21,0,140,0,0,0,0,3,22,0,1,246,0,5,0,393,88,0,2,0,0,18,1,36,0,18,1,49,1,0,4,1,0,31,0,20,75,1,2,0,91,1,0,1,0,0,0,0,0,4,177,1,11,7,8,0,12,0,6,19,2,7,11,3,7,0,5,0,0,0,0,0,0,0,0,1,0,0,0,0,0,0,0,0,1,0,0,0,0,0,1,0,1,0,0,0,0,0,0,0,0,0,0,0,0,0,0,0,0,0,0,0,0,0,1,0,0,0,0,0,0,0,0,0,0,0,0,1,0,0,0,0,0,0,0,0,1,0,0,0,0,1,1,0,1,0,116.747368709677,147.048274290323,187.658885709677,21.9194288709677,19.7333899677419,67.2914720645161,4.246315,100.299881387097,55621.6874673871,1921.17313693548,0.400365322580645,6.11688141935484,236.794603258065,336.127483387097,587.842778774194,3304.58086748387,19.230253516129,30072.0081028387,329.213191451613,1.19610193548387,0.49656535483871,234.284142677419,4.26673167741935,0.933404129032258,1992.184576,12.8047128064516,3.87817183870968,8.09032258064516,0.481709677419355,26.5032258064516,238.864314245343,174.625742786437,331.78375933108,151.678722406651,233.428477637131,331.221845786134,0.548387096774194,27,14104,7,3,6,7,7,6,7,5,4,2,7,5,2,6,5,5,7,5,5,4,7,7,3,5,7,7,6,3,5,6,5,6,7,6,3,4,6,6,3,5,5,4,6,5,5,4,6,7,3,6,6,6,30,52,62,61,39,73,42,30,21,34,5,15,18,17,9,"3.7999999999999998",63,0
"2022","04",2859,447,24,245,2143,61,1,0,0,0,7,0,19,0,45,7,29,4,0,3,2,1,12,0,26,145,0,5,0,28,18,7,17,29,0,1,0,15,37,784,179,50,18,21,1,58,5,36,385,258,137,9,53,192,0,55,19,0,1,1,0,2,0,4,0,35,3,75,1,0,1,4,3,1,5,1,3,68,0,92,0,102,54,0,0,0,12,0,3,0,16,0,268,4,0,4,2,0,26,0,1,431,0,8,0,322,139,0,1,0,0,12,0,56,0,15,4,176,2,0,15,9,0,44,0,15,141,0,12,0,127,4,0,0,0,0,0,0,13,0,134,0,7,4,2,0,19,0,0,11,5,0,11,4,5,0,4,0,0,0,0,0,0,0,0,1,0,0,0,0,0,0,0,0,0,0,0,0,0,0,0,0,0,0,0,0,0,1,0,0,1,0,1,0,0,0,0,1,0,0,0,0,0,0,0,2,0,0,0,0,0,0,0,1,0,0,0,2,0,1,0,0,0,0,1,0,0,0,0,0,0,0,2,0,0,0,113.160545166667,144.043160166667,185.896698233333,23.8401774,19.4015266,66.4764209666667,3.9578049,98.5493205,54738.5305171667,1889.52077713333,0.395420833333333,6.0831093,238.961265,418.7565135,578.6202968,3249.47425736667,19.0271030333333,29630.3178598333,323.681201833333,1.1966298,0.488487166666667,230.7572044,4.1956125,0.9177715,1961.57156726667,12.7002978666667,3.8799345,9.45333333333333,0.828966666666667,28.8366666666667,227.093351794094,176.32174512708,300.53317790586,155.102442594128,231.435845768347,348.950762680139,0,24,20121,7,3,6,7,7,6,7,5,4,2,7,5,2,6,5,5,7,5,5,4,7,7,3,5,7,7,6,3,5,6,5,6,7,6,3,4,6,6,3,5,5,4,6,5,5,4,6,7,3,6,6,6,31,62,67,70,100,72,40,23,20,41,4,14,12,15,13,"3.7999999999999998",64,0
"2022","05",3538,387,27,208,2916,83,0,0,0,2,1,0,23,0,35,10,44,1,0,6,1,3,14,0,35,140,0,4,0,33,7,13,25,7,1,0,0,8,55,755,188,82,35,13,1,65,4,60,437,110,138,25,60,172,1,30,21,0,0,3,0,0,0,11,1,38,6,45,1,0,0,8,1,0,14,3,21,76,0,118,0,67,51,0,0,0,3,1,5,0,13,0,382,0,0,1,1,0,32,0,4,546,0,12,0,429,123,0,0,0,0,5,0,32,0,8,2,247,0,0,11,5,0,22,0,19,144,0,11,0,123,5,0,4,0,0,0,0,0,1,109,7,13,10,0,0,40,3,1,32,19,15,6,8,4,0,0,1,0,0,0,0,0,0,0,1,0,1,0,0,0,0,0,0,1,0,0,1,1,0,0,0,2,0,0,0,0,0,0,0,1,1,0,0,0,0,0,0,0,0,0,0,0,0,0,0,0,0,0,1,0,0,0,0,0,0,0,2,1,1,0,0,0,0,0,0,1,0,0,1,1,0,0,0,2,0,109.680379580645,141.889150677419,181.079927387097,22.9427387096774,18.6657022258065,64.2554192580645,3.69408474193548,96.2185555806452,52656.8439910645,1816.49612129032,0.382003903225806,5.96930170967742,241.546819967742,445.028401741936,562.524506258065,3126.40809870968,19.4275048709677,28730.7608981613,311.401286516129,1.17713419354839,0.469597838709677,221.639392129032,4.2041875483871,0.882853161290323,1889.97005706452,12.445201,3.80746096774194,12.8870967741935,1.13890322580645,23.4096774193548,225.235192786639,168.932924350019,306.674979216909,152.732796422562,208.08617100072,347.824577613336,0,25,28547,7,3,6,7,7,6,7,5,4,2,7,5,2,6,5,5,7,5,5,4,7,7,3,5,7,7,6,3,5,6,5,6,7,6,3,4,6,6,3,5,5,4,6,5,5,4,6,7,3,6,6,6,38,59,63,70,37,89,36,25,20,47,35,24,17,35,23,"3.7999999999999998",65,0
"2022","06",3751,384,17,210,3140,65,0,0,0,0,3,0,25,0,26,8,34,2,0,1,7,0,18,0,33,132,0,4,0,50,6,14,21,57,1,1,0,7,42,1040,251,74,35,24,1,62,16,55,487,88,188,17,44,181,0,38,30,0,1,5,0,0,1,8,2,38,10,43,7,1,1,5,2,2,7,0,17,100,0,97,0,70,32,0,0,0,12,0,5,0,10,0,406,0,0,0,3,0,16,0,0,333,0,11,0,459,140,0,0,0,0,6,0,47,0,11,5,179,0,0,13,7,0,40,0,29,153,0,26,0,95,1,0,0,0,0,1,0,2,8,216,1,26,4,0,0,9,4,2,53,13,1,7,6,1,0,8,3,0,0,1,0,0,0,1,1,0,0,0,0,0,0,0,0,2,0,0,0,0,0,0,2,0,1,0,0,0,0,0,0,1,1,0,0,1,0,0,1,0,1,0,0,0,0,0,0,0,0,0,3,0,0,1,0,0,0,1,2,1,0,0,1,0,0,1,0,3,0,0,0,0,0,0,2,0,1,109.608197066667,139.480977,179.7028551,23.0496503333333,18.4643015666667,63.9728971,3.6195458,96.0892439666667,52108.6696476333,1798.00451223333,0.378101433333333,5.9131815,251.999020766667,442.721798666667,561.5778439,3092.70541046667,20.8865667,28581.2318808333,308.038374933333,1.16557566666667,0.4646832,219.413868166667,4.19627,0.8733891,1867.21182893333,12.2974679666667,3.7734975,15.6733333333333,0.823166666666667,24.7933333333333,230.672107311417,163.30045019044,328.123480404175,147.707470865363,200.262240127112,320.120421891614,0,28,29113,7,3,6,7,7,6,7,5,4,2,7,5,2,6,5,5,7,5,5,4,7,7,3,5,7,7,6,3,5,6,5,6,7,6,3,4,6,6,3,5,5,4,6,5,5,4,6,7,3,6,6,6,37,62,62,78,38,85,35,26,19,39,66,16,18,55,14,"3.6000000000000001",66,0
"2022","07",4376,413,22,254,3687,67,0,0,0,0,3,0,36,0,33,15,39,2,0,0,3,0,22,1,46,163,0,3,0,32,5,7,14,39,0,1,0,0,30,1067,181,78,29,13,0,64,18,42,400,55,96,14,35,160,1,16,17,1,1,2,0,0,0,5,0,28,10,54,11,0,0,6,2,0,8,2,9,112,0,50,0,39,32,0,0,0,7,0,2,0,6,0,351,2,0,0,1,2,16,0,1,608,0,20,0,473,80,0,1,0,0,4,0,26,0,16,6,210,0,0,14,6,0,49,0,10,156,0,17,0,90,0,0,1,0,0,1,0,0,0,86,0,17,7,0,0,22,4,2,41,12,5,4,5,6,0,1,1,0,0,0,0,0,0,0,0,2,0,0,0,0,0,0,0,0,0,0,0,0,0,0,0,0,1,0,0,0,1,0,0,0,0,0,0,0,0,0,0,0,1,0,0,0,0,0,0,0,0,0,1,0,0,0,1,0,0,0,0,2,0,0,0,0,0,0,0,1,0,0,0,0,0,0,0,0,1,106.483844258065,138.254703709677,175.834582645161,22.6769656774194,18.0057394516129,62.7458178709677,3.50892248387097,95.4508221612903,50828.717631,1750.58059270968,0.369566967741935,5.83789287096774,261.565750032258,431.246893516129,547.733646225806,3015.90330951613,20.9453023870968,28064.8592450645,300.390132064516,1.17782012903226,0.453193193548387,213.544704548387,4.1556984516129,0.851518709677419,1814.49446619355,12.2818759032258,3.73035083870968,18.7258064516129,0.118677419354839,22.6870967741935,228.657430940237,149.048298927354,343.809997418561,136.794679963617,172.466826405435,286.355523433325,0,18,35817,7,3,6,7,7,6,7,5,4,2,7,5,2,6,5,5,7,5,5,4,7,7,3,5,7,7,6,3,5,6,5,6,7,6,3,4,6,6,3,5,5,4,6,5,5,4,6,7,3,6,6,6,45,58,69,86,29,97,31,27,24,46,15,17,15,21,9,"3.5",67,0
"2022","08",9331,431,23,246,8631,65,0,0,1,0,8,0,38,1,28,3,47,1,0,2,3,5,11,0,26,162,0,2,0,40,42,7,10,37,0,5,0,3,26,834,126,109,38,13,2,51,5,44,491,58,80,82,42,142,1,13,16,1,0,1,0,2,0,22,0,29,7,65,19,0,2,8,2,2,7,2,4,60,0,71,0,93,38,0,0,0,6,0,6,0,15,1,316,20,0,0,4,1,34,0,2,717,0,22,0,530,67,0,1,0,0,9,0,31,0,19,6,206,0,0,6,3,0,28,0,12,190,1,16,0,78,0,1,3,0,0,2,0,2,0,110,1,12,4,1,0,12,1,1,31,3,0,18,8,5,0,1,1,0,1,0,0,0,1,0,1,0,0,0,0,0,0,0,0,0,0,1,1,0,0,0,0,1,1,0,0,0,1,0,0,1,1,0,0,0,0,0,1,0,1,0,0,0,0,0,0,2,0,0,1,0,1,0,1,0,1,0,2,1,0,0,0,0,0,1,0,1,0,1,1,0,0,0,2,1,1,106.886404516129,138.120840967742,170.551490967742,22.9006643225806,17.9379847741935,62.812293516129,3.31375361290323,95.1595986451613,50620.0947224194,1746.70673067742,0.368016096774194,5.84767441935484,264.067807774194,431.458471387097,665.413654096774,3004.5505513871,21.5519873870968,27987.4335013226,299.25607883871,1.18223025806452,0.451465161290323,213.165553967742,3.93629258064516,0.848471516129032,1815.13839370968,12.4478154516129,3.78175390322581,19.5032258064516,0.610483870967742,23.4354838709677,241.342146350829,147.963416616657,376.412082569145,134.368661200403,174.737240846004,265.519070710988,0,15,40896,7,3,6,7,7,6,7,5,4,2,7,5,2,6,5,5,7,5,5,4,7,7,3,5,7,7,6,3,5,6,5,6,7,6,3,4,6,6,3,5,5,4,6,5,5,4,6,7,3,6,6,6,44,65,55,100,28,100,40,24,26,45,68,33,22,59,25,"3.6000000000000001",68,0
"2022","09",8772,455,15,256,8046,60,0,0,0,0,1,0,35,0,24,9,66,1,0,2,0,2,16,0,25,131,1,1,0,37,11,3,41,33,0,1,0,4,18,915,236,47,101,21,0,69,4,66,444,43,81,19,79,148,0,26,32,1,0,1,0,0,2,25,1,39,4,47,8,0,1,12,1,0,4,0,10,67,0,44,0,77,25,0,0,0,2,0,18,0,9,0,304,0,0,4,1,1,26,0,1,563,0,14,0,598,85,0,0,0,0,2,1,39,0,12,0,204,0,0,19,6,0,45,0,16,160,0,15,0,90,4,1,3,0,0,2,0,0,0,152,109,5,5,2,0,30,0,3,29,0,6,6,14,1,0,1,0,0,0,0,0,0,1,0,1,0,0,0,0,0,0,0,0,0,0,0,1,0,1,0,0,1,0,0,0,0,0,0,0,0,0,1,0,0,0,0,0,0,0,0,0,0,0,1,2,0,2,0,0,0,0,0,0,0,1,0,1,0,1,0,0,0,0,0,0,0,0,0,1,0,2,2,0,3,0,100.212942933333,133.349233566667,159.247415633333,21.9427488,16.9823467,59.6089571333333,3.21895683333333,90.8035697,47926.1997421,1651.2669295,0.350502533333333,5.6234343,260.8116887,408.857562633333,653.4428605,2844.4892084,20.7226192,26741.3466776,283.357093133333,1.14245133333333,0.4273719,201.5120716,3.90236063333333,0.803421166666667,1711.53357993333,12.1581385333333,3.6512166,15.5666666666667,4.8664,23.7133333333333,219.702440815449,143.346336705137,330.149585913898,130.389764796166,165.864220053904,283.920287803421,0,14,41774,7,3,6,7,7,6,7,5,4,2,7,5,2,6,5,5,7,5,5,4,7,7,3,5,7,7,6,3,5,6,5,6,7,6,3,4,6,6,3,5,5,4,6,5,5,4,6,7,3,6,6,6,47,71,66,98,26,93,37,23,25,44,79,15,13,41,11,"3.7000000000000002",69,0
"2022","10",7718,526,20,272,6900,46,0,0,2,0,0,0,36,0,31,17,43,1,1,2,2,1,21,0,30,111,0,4,0,53,11,21,21,49,0,0,0,47,21,616,201,72,111,25,0,34,1,72,413,25,160,57,55,122,1,20,30,0,0,3,0,2,2,20,2,40,6,41,10,0,2,18,2,2,5,0,9,87,0,88,0,73,29,0,0,0,0,0,16,0,5,0,300,0,0,1,2,0,26,0,0,623,0,10,0,135,58,0,1,0,1,3,0,33,0,11,9,183,1,1,5,2,0,55,0,27,219,0,12,0,96,7,0,2,0,0,0,0,3,0,93,123,11,6,4,0,22,1,1,36,1,5,10,14,1,0,0,0,0,0,0,0,0,0,0,0,1,0,0,0,0,1,0,0,0,0,0,1,0,0,0,0,2,0,0,0,0,0,0,0,3,0,0,0,0,0,0,0,0,0,0,0,0,0,0,0,1,0,0,0,0,0,0,0,0,0,0,3,1,0,0,0,0,1,0,0,0,0,0,1,0,0,0,1,2,0,98.2191868387097,134.489210419355,158.55902183871,22.7763938064516,16.9387425483871,59.6400951935484,3.13780209677419,92.9672282258065,47822.0044692903,1648.02502545161,0.350835419354839,5.66624435483871,249.652841516129,412.311480225806,644.757518548387,2837.14958264516,20.9804031290323,27474.0621849677,282.584815548387,1.14869851612903,0.42660635483871,200.786997032258,3.99943332258065,0.801356322580645,1715.11445793548,12.3722129354839,3.67458335483871,14.558064516129,2.19961290322581,28.2935483870968,191.042783461281,143.467869098856,259.858676189934,131.348434831013,161.612637127496,301.359272907264,0,13,42060,7,3,6,7,7,6,7,5,4,2,7,5,2,6,5,5,7,5,5,4,7,7,3,5,7,7,6,3,5,6,5,6,7,6,3,4,6,6,3,5,5,4,6,5,5,4,6,7,3,6,6,6,38,60,66,74,19,90,38,23,25,44,92,42,100,89,61,"3.7000000000000002",70,0
"2022","11",4888,471,63,272,4082,40,1,0,0,0,0,0,51,0,20,27,31,3,0,2,5,1,20,0,46,132,0,2,0,33,9,18,12,53,0,7,0,1,21,668,166,84,33,9,0,36,2,102,632,37,105,26,69,123,0,35,13,0,1,3,0,0,0,19,1,40,5,38,6,0,0,8,2,2,6,2,22,73,0,88,0,72,22,0,0,0,2,0,8,0,8,0,249,1,0,1,1,2,18,0,1,744,0,10,0,114,28,0,0,0,0,3,0,63,0,12,5,151,0,1,7,0,0,35,0,14,154,0,12,0,107,1,0,1,0,0,0,0,1,0,85,112,2,13,1,0,8,1,1,36,2,4,6,3,4,0,1,0,0,0,0,0,0,0,0,0,0,0,0,0,0,0,0,0,0,0,0,0,0,0,0,1,0,0,0,1,0,2,0,0,0,0,1,0,0,0,0,0,1,1,1,0,0,0,0,0,0,0,0,0,0,1,0,2,0,0,0,0,0,1,0,0,0,0,0,1,1,1,0,0,0,0,0,1,0,0,103.325577066667,134.836194866667,163.559581833333,28.7038049666667,17.6300949333333,62.4597507666667,3.19784073333333,95.8500845,49800.1526068333,1714.2863158,0.362821866666667,5.80805336666667,261.387400333333,431.002469133333,668.8448827,2952.97828263333,21.8616246,29170.4267961333,294.109581266667,1.14992103333333,0.443640933333333,208.828676833333,4.08026266666667,0.8339531,1782.4500899,12.6673877333333,3.78184853333333,10.3633333333333,5.54853333333333,33.4333333333333,191.066198055729,145.580744936692,256.859738716856,131.202774953645,169.005519757853,299.202842686204,0,14,26820,7,3,6,7,7,6,7,5,4,2,7,5,2,6,5,5,7,5,5,4,7,7,3,5,7,7,6,3,5,6,5,6,7,6,3,4,6,6,3,5,5,4,6,5,5,4,6,7,3,6,6,6,37,54,51,77,20,92,31,22,25,37,67,47,32,91,54,"3.7000000000000002",71,0
